2025-06-27,rvlpeGxA5r0,13371
2025-06-27,jnyn_KvEjqc,187840
2025-06-27,pKmG25gnaBk,199572
2025-06-27,z--KljaTM60,2648
2025-06-27,buyh8AA31Mw,39794
2025-06-27,XLC21zZDI0w,46385
2025-06-27,I3worT7rl3I,0
2025-06-27,pJDfNkmSN0c,81213
2025-06-27,joxAo8Djiso,11862
2025-06-27,anq6cSUNi_E,28518
2025-06-27,it7BiioBEoc,5
2025-06-27,YANkteH57nU,2048750
2025-06-27,Af6BBZsmt6o,162496
2025-06-27,ZFfPZFTSs08,81239
2025-06-27,2AsKG5JZHGc,16311
2025-06-27,ketQ-YBqdkA,7101
2025-06-27,TfuddrT9aPI,20656
2025-06-27,26G8a-6Gn3k,20024
2025-06-27,TQzchmXJv4U,27216
2025-06-27,1cGiESmp-g4,22590
2025-06-27,aoRlZcmWjt4,33209
2025-06-27,ErrF9y9jG5E,1682412
2025-06-27,V3jHJo1Q0fE,118164
2025-06-27,waPUjVrCfUc,940363
2025-06-27,NgpY4bfXfeI,174471
2025-06-27,sxsM95XyYvM,828357
2025-06-27,TtgtdD-tfw4,25445
2025-06-27,8ivIP9GfIsc,60253
2025-06-27,3UV0ivnCXxY,7720
2025-06-27,a_8VQ0KYjZo,72286
2025-06-27,bSBlGIIDBHM,20366
2025-06-27,mOlAt6h0-14,721599
2025-06-27,j8hCbX47EMQ,31467
2025-06-27,quPFDh-M670,22184
2025-06-27,rzEBPLNxzyA,20824
2025-06-27,9HfM6fxJE_0,17947
2025-06-27,AadMuXaccjY,199432
2025-06-27,AY6-wlVcBLY,129262
2025-06-27,B4yNqh_QnAU,38970
2025-06-27,LFKQGq71jcs,15486
2025-06-27,mfzAaumB47k,174541
2025-06-27,PU-xKm9njAU,117656
2025-06-27,_UncX6no-5E,89903
2025-06-27,D-qTITkD3e0,0
2025-06-27,CjTA5Mrt15E,789353
2025-06-27,CSKQoEj0Q_s,363
2025-06-27,gHk95c0Mkak,2245
2025-06-27,OvObn0954TA,7799
2025-06-27,XYd49j2k17c,2051
2025-06-27,gzBrY3OeShM,97288
2025-06-27,Ulu6NskJnT4,543
2025-06-27,nQbg-qF4hGY,46506
2025-06-27,G6vRMYjXdck,38570
2025-06-27,coe4vxMSdHU,9031
2025-06-27,qYLIsXUN5Bg,147079
2025-06-27,UcVrUVR4xIU,76707
2025-06-27,JVEqtKbjecw,513553
2025-06-27,5c7qnWYLefE,37107
2025-06-27,R-rs_9TqCkc,127032
2025-06-27,K_h9L85BV5U,58159
2025-06-27,1EEvCSd95WU,54574
2025-06-27,WpzTvjN_Snk,8588
2025-06-27,1zmkmQXhuIc,216988
2025-06-27,bS9OT-R4cuw,204481
2025-06-27,H9nIy4Tc_qk,16808
2025-06-27,0b99l1bRToM,75292
2025-06-27,1H9Gf821u-M,4331
2025-06-27,tz17J_pYvjo,73297
2025-06-27,y1fXIvXVxpU,39747
2025-06-27,ok0h4tGjIxI,188151
2025-06-27,rB9GfDXUU5M,53369
2025-06-27,k4-0BDk1nx8,916754
2025-06-27,MTH2P7o0hfc,134838
2025-06-27,pzuD1FHAUYA,299650
2025-06-27,XEyMaREv_mg,31432
2025-06-27,3M1n2Ouo_RU,259633
2025-06-27,2VBxDR1n3U0,30693
2025-06-27,zLsWsl8lW_s,536633
2025-06-27,paG4F7uarqM,329810
2025-06-27,XXqrc-dOdtI,48328
2025-06-27,oBNfSezt1hk,185588
2025-06-27,Uwv1pHdVurQ,116832
2025-06-27,1Mad9QAeKvU,83964
2025-06-27,6U3-fRiqS9o,339719
2025-06-27,B4bX1hdSXic,14651
2025-06-27,-de1l_TC1mI,21941
2025-06-27,QrwfQPabmGs,71987
2025-06-27,l2gLZsPleVs,203359
2025-06-27,GF27HJuj-HA,202125
2025-06-27,VxESOUMzQ2A,4855
2025-06-27,dqpvrFrV4pQ,409
2025-06-27,KyIkwOiefVM,581
2025-06-27,IDkmGcQS4M4,7716
2025-06-27,GUVXaJGT8ik,1093
2025-06-27,WkLOVAwAS28,8310
2025-06-27,SJtpXd75kU0,572789
2025-06-27,AlAhDimar08,314832
2025-06-27,UkvZFogct5E,8376
2025-06-27,-eMPOi0x51M,2462
2025-06-27,wYLLdu42Xkc,32306
2025-06-27,brjFhdj9olo,5868
2025-06-27,5cWffD4gG1M,1138
2025-06-27,owi4T-uBWmw,14193
2025-06-27,Pa5vmKl_rH8,844
2025-06-27,ZpXbIUTrWQw,6153
2025-06-27,JHgvQyjlXVc,1163
2025-06-27,Hp5jE_Tv9q4,66
2025-06-27,gHJwtQdde9Y,2005
2025-06-27,SrqDMI8XngQ,959688
2025-06-27,6LLHJEUC81g,643
2025-06-27,5h2XUcA_euo,1127
2025-06-27,gkb6-O5jyFI,5450
2025-06-27,5Up8W_sO-is,31078
2025-06-27,ZMUci6vGAc0,211226
2025-06-27,toYBwMT8fKE,0
2025-06-27,DBkP3EkKrno,745
2025-06-27,ZLWAEcw6L2I,1046114
2025-06-27,oZmc0VeHRGM,300
2025-06-27,KHzt-g99Keg,114
2025-06-27,NHzncXFN_yc,4775
2025-06-27,D-Zm_ODHg4M,24561
2025-06-27,-Kyw4882mvw,9315
2025-06-27,UVrSGchstzA,0
2025-06-27,PV6Lr6vDwy0,126973
2025-06-27,ulsk6DIQpAw,997
2025-06-27,xYLHvF7pKvg,9020
2025-06-27,kLOD0H3FyA4,1199
2025-06-27,p21fGXAjoWM,1821
2025-06-27,8yyAh_FlXFU,727
2025-06-27,qltLAfTlj_M,1009
2025-06-27,FTyoHJRGsl0,11968
2025-06-27,Bk9-SFL2Gis,813
2025-06-27,5ATlcSuPu7I,14403
2025-06-27,rvY71Zve3N8,37611
2025-06-27,yZuBjYqXai0,4442
2025-06-27,aFlgeaS5iqg,23082
2025-06-27,w2lA4XKPELE,59756
2025-06-27,5vbpOe3jYDc,535
2025-06-27,TKMR33UyZqo,147
2025-06-27,juWWrSjIH70,968
2025-06-27,uL9kvf0XYQs,0
2025-06-27,BHs4KlRyXKI,696
2025-06-27,ikgFSLT_m4s,1699
2025-06-27,IuAJ4v1lfww,875
2025-06-27,cOI9aDnqVD8,9559
2025-06-27,ejGkpK3KT7U,0
2025-06-27,qzsGwUg6VMU,712
2025-06-27,fs1DZTs1xGg,666
2025-06-27,a0ZdNXwbn4A,11100
2025-06-27,wIT5PLfBK7w,270
2025-06-27,L2Ff7WUKRAc,2093
2025-06-27,zNM1xd9o6_I,31
2025-06-27,qKGNvgnAQWg,18908
2025-06-27,nnfVaEV_GNI,4
2025-06-27,_8r-SLSj_VY,30116
2025-06-27,vLhalhx8Aeg,1306
2025-06-27,jn7G2p2KeSU,254
2025-06-27,WIfENgUSNTg,7042
2025-06-27,B3JIsqQTWbU,915
2025-06-27,xyFOMCDqM7A,804
2025-06-27,RyA_jW848oc,357
2025-06-27,vJhSWyFovus,0
2025-06-27,ADO-AwylnHA,372
2025-06-27,2BsYgQDDAJo,1434
2025-06-27,4FDgeNA8NXo,325
2025-06-27,rwTfSnwHOFQ,890
2025-06-27,7kEQZzFg78c,1713
2025-06-27,Lg4XTcGNVsE,535
2025-06-27,x8IIkU6NjIU,2722
2025-06-27,O4qO12EvjUI,6863
2025-06-27,cynfQhAe8aE,2608
2025-06-27,EWIun5aIFYg,2355
2025-06-27,okOB2InV70I,31
2025-06-27,R8xvaDd9YJg,651
2025-06-27,NsxSCUjdYlo,16924
2025-06-27,paK8jx_8Rw4,404
2025-06-27,lMBYoXW1VI4,1738
2025-06-27,kVDOBguvX60,1075
2025-06-27,rg2zymnQEAY,1652
2025-06-27,uJ4Y4T813Xk,0
2025-06-27,07it8BfsbCQ,11503
2025-06-27,YU6Xo5e0fBQ,21631
2025-06-27,fs-Afy18JwY,15495
2025-06-27,-wHTlpqLAWM,2597
2025-06-27,kY256pyzh8A,24935
2025-06-27,XJIltcG1Z6U,8128
2025-06-27,wPfn3J87ZOE,2648
2025-06-27,UClgFOAdbzA,2213
2025-06-27,nJAikkLnA0E,9689
2025-06-27,MBEsPssh1lQ,6439
2025-06-27,KaQnlUybZTc,41571
2025-06-27,lTaRw_4ZXL0,101
2025-06-27,7ViplAcZOjk,46845
2025-06-27,3aS4Dj81J80,11396
2025-06-27,GhDXy5WvhbM,6907
2025-06-27,SoiKrb1UwSk,3713
2025-06-27,acLFmNgvb98,27878
2025-06-27,goGF_UnbQxY,1753
2025-06-27,drCHmn7F3UU,15407
2025-06-27,0nbEWUKnEP0,4010
2025-06-27,rztIvVYzn_Y,124523
2025-06-27,MSmhBQSMk68,3278
2025-06-27,CFaeGTuCGsA,4052
2025-06-27,_XcixxxxJ-c,811
2025-06-27,5siBFOLT9-Y,18033
2025-06-27,O-WM5UgQPUY,3262
2025-06-27,FyT3PE9fDpk,1520
2025-06-27,l3rb0KxvkEM,8906
2025-06-27,23mjr3upvbw,3452
2025-06-27,yvni4EWPvuM,4875
2025-06-27,0ksnB0n1eVg,2170
2025-06-27,D3qkgAy5dE8,4868
2025-06-27,TNw1gIMgH0Y,5197
2025-06-27,UBQSZ37Zdjw,33700
2025-06-27,1kxyUktGUPA,6228
2025-06-27,LUe_hI_1D5c,1277
2025-06-27,R7nzHHSmNQM,36682
2025-06-27,tdU_y146auE,1453
2025-06-27,fbPPIoM1254,3756
2025-06-27,5hrGpV92y3Y,9795
2025-06-27,c4ZLpkbZIdA,768
2025-06-27,Mt-wQ3cfh9Y,9695
2025-06-27,vgEEFt2oy98,9874
2025-06-27,FC6KgK6Ol2Q,14329
2025-06-27,GrbwuLcHEOY,8649
2025-06-27,A-51Ivj0hhU,1055
2025-06-27,IHOXRbVvjRo,713
2025-06-27,V37Q0aIDdt8,713
2025-06-27,a_WUI7MjKvk,4022
2025-06-27,0taB3IPmRjs,14027
2025-06-27,9PLGSRO3664,2558
2025-06-27,xpHk_2o73QU,899215
2025-06-27,g2dvDHWBgtQ,0
2025-06-27,ss47oxKeHWM,1069
2025-06-27,R7Hjt2ErF5E,3484
2025-06-27,s6S6zRgoXGk,30519
2025-06-27,trqEykm9uGI,6349
2025-06-27,zgbCRbmN2ig,165521
2025-06-27,A5Sl0tc9iQ8,62701
2025-06-27,hmvegOBvf-8,2778
2025-06-27,Cr9tr9zUwPA,5621
2025-06-27,TL0pA9WBZQI,5791
2025-06-27,WHlxMNQrg2M,183788
2025-06-27,2HsXPO0delQ,281481
2025-06-27,RvyP18hjJ3s,21888
2025-06-27,E6p2NYePdGQ,16317
2025-06-27,jVm5rxo1KTY,16759
2025-06-27,kfj3oWD6nW4,55946
2025-06-27,CkhoY6_kOUg,43426
2025-06-27,YEyvMPsus8I,15904
2025-06-27,-OJSdt6N8JI,13828
2025-06-27,7hRQkyiIuos,30173
2025-06-27,YyaAACw2Lxw,277952
2025-06-27,Yrw1JB2nRgg,21291
2025-06-27,VN5dldGH7A8,294066
2025-06-27,fujaTbdfxyk,35035
2025-06-27,DtG8QNC5DiQ,120608
2025-06-27,mXHVPyIhZ68,147959
2025-06-27,zh_mzSYno08,52343
2025-06-27,A9v4XB_Z-kY,34954
2025-06-27,wp8AFPfAJS4,62977
2025-06-27,BsgLVeVd8kg,26460
2025-06-27,wya9x0BzvtU,10995
2025-06-27,8aXzNtqrGCY,92012
2025-06-27,JlWW2TYj2Ec,147746
2025-06-27,fxwOcSOIi38,393626
2025-06-27,GFSNncSLMx0,55765
2025-06-27,XmY1qKOrSus,25544
2025-06-27,DCg_FWPMOwk,361001
2025-06-27,iPd1HqUqxv4,11657
2025-06-27,7plTPsD9ixc,30856
2025-06-27,vK6ApRbX_J0,127931
2025-06-27,Akcq7KErRvU,78684
2025-06-27,u7vQlZU1rMo,827
2025-06-27,DUXMQQ2IhGE,487
2025-06-27,d63Q1QBKbxE,657
2025-06-27,c1V5TyUBE1M,20010
2025-06-27,Fuj3NdUw2LU,1718
2025-06-27,4Luvgwb0J4c,1636
2025-06-27,F5eVNtiPo2U,2086
2025-06-27,QbYUQvA-_tM,26422
2025-06-27,ectN00LnowQ,1516
2025-06-27,cBlGo45Eazc,166
2025-06-27,IWM9_3ge7i0,3213
2025-06-27,m060dDyfD4c,3239
2025-06-27,CFvwqDqKz2U,1264
2025-06-27,Mp3uZLHCriw,646
2025-06-27,SSYoMIzO9fo,204
2025-06-27,raOKDG0ywXs,5893
2025-06-27,Nrll0_5w7U0,3640
2025-06-27,SPkl6MJf8lg,1041
2025-06-27,MxYgQtxeLYc,419
2025-06-27,kio-J7On9BM,1026
2025-06-27,qRenpmIhzHw,3032
2025-06-27,_oPJrzsOZa8,1485
2025-06-27,Q9E29le3UsA,5035
2025-06-27,ECPNJK0aqe0,495
2025-06-27,e-ZSuU3Vkyg,1790
2025-06-27,WJt1NhHrNkE,581
2025-06-27,2pEedegnimk,4497
2025-06-27,XHgdEg9lsgM,1591
2025-06-27,qZsNKglWh30,7952
2025-06-27,5Q7VtnZkI-A,1375
2025-06-27,VxCGmko_zFk,1
2025-06-27,twz_nkYFenk,720
2025-06-27,pezO4U3B6LQ,3748
2025-06-27,7Fz0HyDiPik,3577
2025-06-27,ScszlkAN-UI,15403
2025-06-27,pi4tpIkJVHo,3205
2025-06-27,6Bc-mTSYJnE,1471
2025-06-27,-78E5cEnv6k,8849
2025-06-27,8jDCEorsLDM,1538
2025-06-27,R3Jsf9O4WVg,32418
2025-06-27,cU3Of2EACC0,556
2025-06-27,31YkvKMvYvQ,24983
2025-06-27,acEtBq2c68w,13932
2025-06-27,elFWSHS_XiI,13920
2025-06-27,R9tKGPXTSUI,3888
2025-06-27,XZ1as22zpmQ,12995
2025-06-27,n_kIFhHdiTg,2312
2025-06-27,eSChlEHHsBU,1243
2025-06-27,YqqEqaR14yU,252
2025-06-27,O1ktCQ-xW9Q,8
2025-06-27,qlrmhS-f5E8,965
2025-06-27,IGPm0wHrWL0,2
2025-06-27,jaSxuKG437g,5
2025-06-27,TVV-nc41JI0,3
2025-06-27,BbENhUELwoo,38
2025-06-27,lIaQtFYXI0Y,2
2025-06-27,TmYH06mm0rI,0
2025-06-27,KlrcLS9Rkkg,6644
2025-06-27,uYpk2ranGGw,2422
2025-06-27,P3ZyNFLbkNE,3028
2025-06-27,fraPgeZrtVI,26
2025-06-27,1WNoUzfUSok,3683
2025-06-27,4K6EQSmcf0s,289
2025-06-27,_AAH1VqppOk,278
2025-06-27,s4u1pv05LLo,1595
2025-06-27,jwlSIrVHjBI,4777
2025-06-27,8DrUyz2VeM8,25
2025-06-27,Rg0sOGyECfM,76
2025-06-27,WROtwdSVv0s,821
2025-06-27,-KKrCfvPorc,251
2025-06-27,RZkUYhC824g,387
2025-06-27,b1fUm54q_kQ,354
2025-06-27,eS7rmtyMHQY,147
2025-06-27,YiIVLg06JNw,201
2025-06-27,Xf9ZKcTFSVU,1628
2025-06-27,rNg7d08A8Pc,1
2025-06-27,7IF4qNhkenc,1811
2025-06-27,vHngT7KN66s,4158
2025-06-27,fIuJhFKlEg4,64
2025-06-27,HtKTpKGaJXY,6
2025-06-27,lePXVH7u0D8,279
2025-06-27,NeBQyCqrqFs,2
2025-06-27,hs_MlbgTzVE,30
2025-06-27,VwDGNgTo8QY,1
2025-06-27,kHSE55OjUsQ,262
2025-06-27,CMKvm0fd670,17187
2025-06-27,AGmVCQ98-vQ,202
2025-06-27,RANp3JNiaIY,42
2025-06-27,hVa5NOq8iAc,8953
2025-06-27,CLjWCGyGLqA,271
2025-06-27,r3TwIU2KLyI,236
2025-06-27,nIx6yiiQENw,2820
2025-06-27,7CSaeR_BRW0,9
2025-06-27,CG3nUTAFOUI,52
2025-06-27,MXBCfE5wYLY,1216
2025-06-27,BVuVXuurzBU,72290
2025-06-27,aLQzFxQ2X4I,3995
2025-06-27,JS1DXcwxP28,322
2025-06-27,rBwBwGsZzr4,373
2025-06-27,efg_ZweUDA4,5498
2025-06-27,-pbKhg5tH3Y,719
2025-06-27,kdk7DdrDRTc,6652
2025-06-27,3VbvATWa9mg,179
2025-06-27,Zh3CYXsKp_o,143726
2025-06-27,iSZOktZZANc,383
2025-06-27,VJVgH_0b5xg,16066
2025-06-27,bUOil5q8C5Q,10651
2025-06-27,wKmV8cgKdE0,14544
2025-06-27,Afb46aC72l0,2359
2025-06-27,5xkk0mRj5Mk,35
2025-06-27,lQhyGEKa1Ys,1849
2025-06-27,BgeZmeAs05s,868
2025-06-27,i8IoJN4HLMg,19417
2025-06-27,SVWNJcWuUK8,6682
2025-06-27,UNdoPperUuU,856
2025-06-27,SLvSx0TzD3E,179483
2025-06-27,_vSnFG1VmTU,80
2025-06-27,2Hibe5fy9rk,258
2025-06-27,_ZA_TQaIcC4,8233
2025-06-27,vuDd4G0rS54,727
2025-06-27,WbLy2Wd0adU,241
2025-06-27,w_V1QgL_7Vg,8426
2025-06-27,viK1UrBdcmo,59522
2025-06-27,85hwziN0Ctk,2440150
2025-06-27,UB0jDXSigiE,5031
2025-06-27,-wp5sq2W0ng,1192
2025-06-27,D5aJqbMSPQ0,319691
2025-06-27,uokYowdQ1PI,42216
2025-06-27,5tN97PSP70g,1407
2025-06-27,HKI-CcgtXcY,569
2025-06-27,U5Nj_yB3Ruo,1869
2025-06-27,FzVVlS3FG18,132339
2025-06-27,1PIc9mqmoVI,7213
2025-06-27,aM4S-y79aAs,634101
2025-06-27,BR_iP4rNpug,7688
2025-06-27,MwNlbKhZNrY,31642
2025-06-27,AZqvUxKcmsE,4935
2025-06-27,HfbFWR_NkYk,991
2025-06-27,owvj8GojHUo,1078
2025-06-27,NarDmvrmkkc,152707
2025-06-27,WmbhxsZ9S3s,22825
2025-06-27,UVtmzCtVuJE,2384
2025-06-27,Ve4LuXLvhR0,56
2025-06-27,EBY7hLI54zc,5128
2025-06-27,g95ErHYi994,14458
2025-06-27,knrp9y9I29M,24278
2025-06-27,5xxAhHK3FbU,431221
2025-06-27,96u08wqOf3Q,3072277
2025-06-27,dZ76AYx7uQQ,25491
2025-06-27,PCAUC4CC6kw,139530
2025-06-27,COYCVAw_-AE,458982
2025-06-27,iiz1hNZadC8,128634
2025-06-27,wjWUQ6AgD7w,341885
2025-06-27,WVcSQPRxTyM,48644
2025-06-27,GOFFuJd6tcg,36538
2025-06-27,vP02FIPLPSc,168475
2025-06-27,lV2koqsivjk,41383
2025-06-27,nUUM8Ba7pxE,88067
2025-06-27,G6tbRVtp0g4,32481
2025-06-27,REX0UkyS-fk,3812
2025-06-27,gcO6GiC4nzQ,17
2025-06-27,k-C-EiuE7-M,201
2025-06-27,m7QpirKKclY,2249538
2025-06-27,tkTlnsS370Y,1029730
2025-06-27,SbIjJM0jeIU,108052
2025-06-27,pxWrYsIlO70,10651
2025-06-27,xEqCawr4KeU,11933229
2025-06-27,L7Rxfy-9MUo,381179
2025-06-27,CaXJ8nDFHlI,999321
2025-06-27,pNO8wVCFa1g,142
2025-06-27,gDAhkKRjhXs,323059
2025-06-27,k_aRqHT57lo,155112
2025-06-27,fDAHaMPwDcA,536936
2025-06-27,neFhA3dFA0o,69898
2025-06-27,rvlpeGxA5r0,13417
2025-06-27,jnyn_KvEjqc,188687
2025-06-27,pKmG25gnaBk,201397
2025-06-27,z--KljaTM60,2648
2025-06-27,buyh8AA31Mw,40231
2025-06-27,pJDfNkmSN0c,81412
2025-06-27,qBHL2_1x5j0,45512
2025-06-27,joxAo8Djiso,11897
2025-06-27,igp3GbZAY5E,46148
2025-06-27,anq6cSUNi_E,28552
2025-06-27,it7BiioBEoc,5
2025-06-27,YANkteH57nU,2051277
2025-06-27,Af6BBZsmt6o,162529
2025-06-27,ZFfPZFTSs08,81239
2025-06-27,2AsKG5JZHGc,16355
2025-06-27,ketQ-YBqdkA,7107
2025-06-27,TfuddrT9aPI,20722
2025-06-27,26G8a-6Gn3k,20157
2025-06-27,TQzchmXJv4U,27216
2025-06-27,1cGiESmp-g4,22600
2025-06-27,aoRlZcmWjt4,33215
2025-06-27,ErrF9y9jG5E,1687607
2025-06-27,V3jHJo1Q0fE,118318
2025-06-27,4AgUNYCGbu0,1205990
2025-06-27,waPUjVrCfUc,942770
2025-06-27,NgpY4bfXfeI,174595
2025-06-27,TtgtdD-tfw4,25473
2025-06-27,8ivIP9GfIsc,60297
2025-06-27,3UV0ivnCXxY,7720
2025-06-27,a_8VQ0KYjZo,72357
2025-06-27,bSBlGIIDBHM,20393
2025-06-27,mOlAt6h0-14,723044
2025-06-27,j8hCbX47EMQ,31476
2025-06-27,quPFDh-M670,22259
2025-06-27,9HfM6fxJE_0,18004
2025-06-27,AadMuXaccjY,199538
2025-06-27,3-PM83frAkw,27679
2025-06-27,AY6-wlVcBLY,129499
2025-06-27,B4yNqh_QnAU,38978
2025-06-27,LFKQGq71jcs,15494
2025-06-27,mfzAaumB47k,174674
2025-06-27,PU-xKm9njAU,117871
2025-06-27,_UncX6no-5E,89959
2025-06-27,D-qTITkD3e0,0
2025-06-27,TlXTcIWHfqo,38764
2025-06-27,CjTA5Mrt15E,790647
2025-06-27,CSKQoEj0Q_s,387
2025-06-27,gHk95c0Mkak,2426
2025-06-27,OvObn0954TA,7991
2025-06-27,XYd49j2k17c,2106
2025-06-27,gzBrY3OeShM,97763
2025-06-27,Ulu6NskJnT4,658
2025-06-27,nQbg-qF4hGY,46661
2025-06-27,G6vRMYjXdck,38635
2025-06-27,coe4vxMSdHU,9044
2025-06-27,qYLIsXUN5Bg,147651
2025-06-27,UcVrUVR4xIU,77126
2025-06-27,5c7qnWYLefE,37112
2025-06-27,R-rs_9TqCkc,127812
2025-06-27,v8AF_MtzS_I,264879
2025-06-27,6MWw7iQuGQk,42998
2025-06-27,K_h9L85BV5U,58216
2025-06-27,1EEvCSd95WU,54618
2025-06-27,WpzTvjN_Snk,8656
2025-06-27,1zmkmQXhuIc,217460
2025-06-27,bS9OT-R4cuw,205020
2025-06-27,H9nIy4Tc_qk,16838
2025-06-27,0b99l1bRToM,75356
2025-06-27,1H9Gf821u-M,4410
2025-06-27,tz17J_pYvjo,73421
2025-06-27,y1fXIvXVxpU,40019
2025-06-27,ok0h4tGjIxI,188738
2025-06-27,rB9GfDXUU5M,53562
2025-06-27,k4-0BDk1nx8,918827
2025-06-27,MTH2P7o0hfc,134945
2025-06-27,pzuD1FHAUYA,300929
2025-06-27,gkP0aX5LYZ8,4215
2025-06-27,3M1n2Ouo_RU,260210
2025-06-27,2VBxDR1n3U0,30736
2025-06-27,zLsWsl8lW_s,538658
2025-06-27,paG4F7uarqM,330983
2025-06-27,XXqrc-dOdtI,48602
2025-06-27,oBNfSezt1hk,186385
2025-06-27,Uwv1pHdVurQ,116930
2025-06-27,1Mad9QAeKvU,84065
2025-06-27,6U3-fRiqS9o,340372
2025-06-27,-de1l_TC1mI,21961
2025-06-27,QrwfQPabmGs,72054
2025-06-27,GF27HJuj-HA,202285
2025-06-27,VxESOUMzQ2A,5045
2025-06-27,dqpvrFrV4pQ,427
2025-06-27,KyIkwOiefVM,605
2025-06-27,IDkmGcQS4M4,7747
2025-06-27,GUVXaJGT8ik,1093
2025-06-27,WkLOVAwAS28,8310
2025-06-27,SJtpXd75kU0,573893
2025-06-27,flNdPSLBeBY,2885
2025-06-27,AlAhDimar08,315331
2025-06-27,UkvZFogct5E,8385
2025-06-27,-eMPOi0x51M,2508
2025-06-27,wYLLdu42Xkc,32353
2025-06-27,brjFhdj9olo,5877
2025-06-27,Hm6vJHmsrgM,94090
2025-06-27,5cWffD4gG1M,1133
2025-06-27,owi4T-uBWmw,14200
2025-06-27,Pa5vmKl_rH8,844
2025-06-27,ZpXbIUTrWQw,6153
2025-06-27,JHgvQyjlXVc,1163
2025-06-27,Hp5jE_Tv9q4,66
2025-06-27,gHJwtQdde9Y,2016
2025-06-27,SrqDMI8XngQ,965485
2025-06-27,6LLHJEUC81g,643
2025-06-27,5h2XUcA_euo,1174
2025-06-27,gkb6-O5jyFI,5459
2025-06-27,eOGzuZNpn1U,108
2025-06-27,5Up8W_sO-is,31137
2025-06-27,aM4ID5gvrgw,27911
2025-06-27,ZMUci6vGAc0,211300
2025-06-27,toYBwMT8fKE,0
2025-06-27,DBkP3EkKrno,745
2025-06-27,ZLWAEcw6L2I,1050074
2025-06-27,oZmc0VeHRGM,300
2025-06-27,KHzt-g99Keg,114
2025-06-27,KVJhsVVzLeg,6316
2025-06-27,NHzncXFN_yc,4775
2025-06-27,D-Zm_ODHg4M,24570
2025-06-27,-Kyw4882mvw,9315
2025-06-27,UVrSGchstzA,0
2025-06-27,PV6Lr6vDwy0,127123
2025-06-27,xYLHvF7pKvg,9020
2025-06-27,kLOD0H3FyA4,1199
2025-06-27,p21fGXAjoWM,1821
2025-06-27,8yyAh_FlXFU,727
2025-06-27,qltLAfTlj_M,1009
2025-06-27,Bk9-SFL2Gis,813
2025-06-27,5ATlcSuPu7I,14414
2025-06-27,rvY71Zve3N8,37665
2025-06-27,yZuBjYqXai0,4442
2025-06-27,5vbpOe3jYDc,535
2025-06-27,TKMR33UyZqo,147
2025-06-27,juWWrSjIH70,978
2025-06-27,uL9kvf0XYQs,0
2025-06-27,BHs4KlRyXKI,719
2025-06-27,ikgFSLT_m4s,1702
2025-06-27,IuAJ4v1lfww,887
2025-06-27,cOI9aDnqVD8,9730
2025-06-27,qzsGwUg6VMU,712
2025-06-27,a0ZdNXwbn4A,11120
2025-06-27,wIT5PLfBK7w,270
2025-06-27,L2Ff7WUKRAc,2093
2025-06-27,zNM1xd9o6_I,31
2025-06-27,qKGNvgnAQWg,18933
2025-06-27,nnfVaEV_GNI,4
2025-06-27,_8r-SLSj_VY,30255
2025-06-27,vLhalhx8Aeg,1306
2025-06-27,jn7G2p2KeSU,254
2025-06-27,WIfENgUSNTg,7120
2025-06-27,B3JIsqQTWbU,915
2025-06-27,xyFOMCDqM7A,796
2025-06-27,RyA_jW848oc,357
2025-06-27,vJhSWyFovus,0
2025-06-27,ADO-AwylnHA,372
2025-06-27,2BsYgQDDAJo,1450
2025-06-27,4FDgeNA8NXo,325
2025-06-27,rwTfSnwHOFQ,890
2025-06-27,7kEQZzFg78c,1713
2025-06-27,Lg4XTcGNVsE,535
2025-06-27,x8IIkU6NjIU,2722
2025-06-27,O4qO12EvjUI,6913
2025-06-27,zSORKtFNn0Q,116
2025-06-27,cynfQhAe8aE,2608
2025-06-27,EWIun5aIFYg,2355
2025-06-27,okOB2InV70I,31
2025-06-27,R8xvaDd9YJg,651
2025-06-27,NsxSCUjdYlo,16959
2025-06-27,paK8jx_8Rw4,404
2025-06-27,lMBYoXW1VI4,1738
2025-06-27,rg2zymnQEAY,1652
2025-06-27,uJ4Y4T813Xk,0
2025-06-27,KwGN353l9jM,3
2025-06-27,grdbAFPeK5s,18124
2025-06-27,XIAlC4uTGwc,884
2025-06-27,07it8BfsbCQ,11505
2025-06-27,YU6Xo5e0fBQ,21640
2025-06-27,fs-Afy18JwY,15710
2025-06-27,-wHTlpqLAWM,2612
2025-06-27,kY256pyzh8A,24935
2025-06-27,XJIltcG1Z6U,8133
2025-06-27,wPfn3J87ZOE,2661
2025-06-27,UClgFOAdbzA,2213
2025-06-27,nJAikkLnA0E,9689
2025-06-27,MBEsPssh1lQ,6489
2025-06-27,KaQnlUybZTc,41571
2025-06-27,lTaRw_4ZXL0,101
2025-06-27,7ViplAcZOjk,46901
2025-06-27,3aS4Dj81J80,11396
2025-06-27,GhDXy5WvhbM,6940
2025-06-27,SoiKrb1UwSk,3713
2025-06-27,acLFmNgvb98,27942
2025-06-27,goGF_UnbQxY,1753
2025-06-27,drCHmn7F3UU,15407
2025-06-27,0nbEWUKnEP0,4010
2025-06-27,rztIvVYzn_Y,124561
2025-06-27,MSmhBQSMk68,3278
2025-06-27,D-6tUUX00t0,95917
2025-06-27,CFaeGTuCGsA,4052
2025-06-27,_XcixxxxJ-c,811
2025-06-27,5siBFOLT9-Y,18046
2025-06-27,O-WM5UgQPUY,3249
2025-06-27,FyT3PE9fDpk,1521
2025-06-27,l3rb0KxvkEM,8930
2025-06-27,23mjr3upvbw,3520
2025-06-27,yvni4EWPvuM,4887
2025-06-27,0ksnB0n1eVg,2170
2025-06-27,D3qkgAy5dE8,4882
2025-06-27,TNw1gIMgH0Y,5197
2025-06-27,UBQSZ37Zdjw,33700
2025-06-27,1kxyUktGUPA,6228
2025-06-27,LUe_hI_1D5c,1277
2025-06-27,R7nzHHSmNQM,36682
2025-06-27,tdU_y146auE,1453
2025-06-27,fbPPIoM1254,3756
2025-06-27,5hrGpV92y3Y,9810
2025-06-27,c4ZLpkbZIdA,768
2025-06-27,Mt-wQ3cfh9Y,9695
2025-06-27,vgEEFt2oy98,9874
2025-06-27,FC6KgK6Ol2Q,14329
2025-06-27,GrbwuLcHEOY,8656
2025-06-27,A-51Ivj0hhU,1055
2025-06-27,IHOXRbVvjRo,713
2025-06-27,0taB3IPmRjs,15904
2025-06-27,9PLGSRO3664,2558
2025-06-27,xpHk_2o73QU,902146
2025-06-27,g2dvDHWBgtQ,0
2025-06-27,ss47oxKeHWM,1126
2025-06-27,R7Hjt2ErF5E,3564
2025-06-27,s6S6zRgoXGk,30559
2025-06-27,trqEykm9uGI,6879
2025-06-27,20ujdVwS7IU,35321
2025-06-27,7qVqsoDkzPA,476202
2025-06-27,zgbCRbmN2ig,165562
2025-06-27,A5Sl0tc9iQ8,62912
2025-06-27,hmvegOBvf-8,2787
2025-06-27,TL0pA9WBZQI,5821
2025-06-27,WHlxMNQrg2M,183788
2025-06-27,cUEYq3-N258,443882
2025-06-27,TcDw3Ksy4bM,29566
2025-06-27,2HsXPO0delQ,282005
2025-06-27,xBSOqxIBEww,105950
2025-06-27,YoCFuQ-5amw,1710008
2025-06-27,E6p2NYePdGQ,17532
2025-06-27,jVm5rxo1KTY,16841
2025-06-27,CkhoY6_kOUg,43495
2025-06-27,YEyvMPsus8I,16887
2025-06-27,DnolgHHqdIk,342414
2025-06-27,4eg93Oi2z_8,173275
2025-06-27,-OJSdt6N8JI,13930
2025-06-27,7hRQkyiIuos,30179
2025-06-27,Yrw1JB2nRgg,21337
2025-06-27,VN5dldGH7A8,307204
2025-06-27,DtG8QNC5DiQ,120925
2025-06-27,zh_mzSYno08,52507
2025-06-27,A9v4XB_Z-kY,34994
2025-06-27,wp8AFPfAJS4,63163
2025-06-27,BsgLVeVd8kg,26594
2025-06-27,wya9x0BzvtU,11078
2025-06-27,8aXzNtqrGCY,92034
2025-06-27,JlWW2TYj2Ec,148055
2025-06-27,fxwOcSOIi38,393902
2025-06-27,GFSNncSLMx0,55765
2025-06-27,XmY1qKOrSus,25567
2025-06-27,DCg_FWPMOwk,361218
2025-06-27,PVQF1UyN_oA,4209400
2025-06-27,iPd1HqUqxv4,11657
2025-06-27,7plTPsD9ixc,30954
2025-06-27,vK6ApRbX_J0,128036
2025-06-27,u7vQlZU1rMo,854
2025-06-27,DUXMQQ2IhGE,490
2025-06-27,d63Q1QBKbxE,664
2025-06-27,c1V5TyUBE1M,20012
2025-06-27,Fuj3NdUw2LU,1758
2025-06-27,4Luvgwb0J4c,1636
2025-06-27,F5eVNtiPo2U,2103
2025-06-27,QbYUQvA-_tM,26477
2025-06-27,ectN00LnowQ,1516
2025-06-27,cBlGo45Eazc,169
2025-06-27,IWM9_3ge7i0,3259
2025-06-27,m060dDyfD4c,3264
2025-06-27,CFvwqDqKz2U,1264
2025-06-27,Mp3uZLHCriw,646
2025-06-27,SSYoMIzO9fo,204
2025-06-27,raOKDG0ywXs,5937
2025-06-27,Nrll0_5w7U0,3659
2025-06-27,SPkl6MJf8lg,1041
2025-06-27,MxYgQtxeLYc,419
2025-06-27,kio-J7On9BM,1026
2025-06-27,qRenpmIhzHw,3032
2025-06-27,_oPJrzsOZa8,1485
2025-06-27,Q9E29le3UsA,5035
2025-06-27,ECPNJK0aqe0,495
2025-06-27,e-ZSuU3Vkyg,1790
2025-06-27,WJt1NhHrNkE,594
2025-06-27,2pEedegnimk,4506
2025-06-27,XHgdEg9lsgM,1591
2025-06-27,qZsNKglWh30,8015
2025-06-27,5Q7VtnZkI-A,1375
2025-06-27,VxCGmko_zFk,1
2025-06-27,pezO4U3B6LQ,3772
2025-06-27,7Fz0HyDiPik,3577
2025-06-27,RXXQJNvT3BM,1537
2025-06-27,ScszlkAN-UI,15403
2025-06-27,pi4tpIkJVHo,3262
2025-06-27,6Bc-mTSYJnE,1471
2025-06-27,-78E5cEnv6k,8852
2025-06-27,8jDCEorsLDM,1538
2025-06-27,R3Jsf9O4WVg,32441
2025-06-27,cU3Of2EACC0,556
2025-06-27,31YkvKMvYvQ,25002
2025-06-27,acEtBq2c68w,13951
2025-06-27,elFWSHS_XiI,13950
2025-06-27,R9tKGPXTSUI,3890
2025-06-27,XZ1as22zpmQ,12995
2025-06-27,n_kIFhHdiTg,2312
2025-06-27,eSChlEHHsBU,1248
2025-06-27,YqqEqaR14yU,252
2025-06-27,O1ktCQ-xW9Q,8
2025-06-27,qlrmhS-f5E8,965
2025-06-27,IGPm0wHrWL0,2
2025-06-27,jaSxuKG437g,5
2025-06-27,TVV-nc41JI0,3
2025-06-27,BbENhUELwoo,38
2025-06-27,lIaQtFYXI0Y,2
2025-06-27,TmYH06mm0rI,0
2025-06-27,KlrcLS9Rkkg,6685
2025-06-27,uYpk2ranGGw,2422
2025-06-27,P3ZyNFLbkNE,3069
2025-06-27,fraPgeZrtVI,26
2025-06-27,1WNoUzfUSok,3717
2025-06-27,4K6EQSmcf0s,289
2025-06-27,_AAH1VqppOk,278
2025-06-27,s4u1pv05LLo,1595
2025-06-27,jwlSIrVHjBI,4808
2025-06-27,8DrUyz2VeM8,25
2025-06-27,Rg0sOGyECfM,76
2025-06-27,WROtwdSVv0s,821
2025-06-27,-KKrCfvPorc,251
2025-06-27,RZkUYhC824g,387
2025-06-27,b1fUm54q_kQ,354
2025-06-27,eS7rmtyMHQY,147
2025-06-27,YiIVLg06JNw,201
2025-06-27,Xf9ZKcTFSVU,1628
2025-06-27,rNg7d08A8Pc,1
2025-06-27,7IF4qNhkenc,1810
2025-06-27,HtKTpKGaJXY,6
2025-06-27,lePXVH7u0D8,279
2025-06-27,NeBQyCqrqFs,2
2025-06-27,vnaV8MAS7JQ,11534
2025-06-27,VwDGNgTo8QY,1
2025-06-27,7xe7IelNXQg,6
2025-06-27,kHSE55OjUsQ,262
2025-06-27,CMKvm0fd670,17203
2025-06-27,AGmVCQ98-vQ,216
2025-06-27,RANp3JNiaIY,42
2025-06-27,hVa5NOq8iAc,8953
2025-06-27,CLjWCGyGLqA,271
2025-06-27,r3TwIU2KLyI,236
2025-06-27,j4VJrzGzp8M,1494
2025-06-27,nIx6yiiQENw,2820
2025-06-27,7CSaeR_BRW0,9
2025-06-27,CG3nUTAFOUI,52
2025-06-27,8hzHSkuUVto,2366
2025-06-27,MXBCfE5wYLY,1238
2025-06-27,yH03cuB2A6U,1872
2025-06-27,Gkela0IdmcU,1058
2025-06-27,POPpPzSNYLs,3286
2025-06-27,rBwBwGsZzr4,373
2025-06-27,Hs7Gs57FtG0,1628
2025-06-27,-pbKhg5tH3Y,719
2025-06-27,kdk7DdrDRTc,6749
2025-06-27,3VbvATWa9mg,180
2025-06-27,I8ap9z10fBg,92911
2025-06-27,Zh3CYXsKp_o,149561
2025-06-27,W1Rw6arpypM,7327
2025-06-27,VJVgH_0b5xg,16073
2025-06-27,wKmV8cgKdE0,14698
2025-06-27,IXcjjEzNTRw,2358
2025-06-27,Afb46aC72l0,2359
2025-06-27,5xkk0mRj5Mk,35
2025-06-27,lQhyGEKa1Ys,1849
2025-06-27,BgeZmeAs05s,868
2025-06-27,i8IoJN4HLMg,19417
2025-06-27,1cIefAuYnng,4189
2025-06-27,SVWNJcWuUK8,6690
2025-06-27,b6U1DwqglC4,1095
2025-06-27,UNdoPperUuU,856
2025-06-27,SLvSx0TzD3E,179918
2025-06-27,Coj5PCK4U_Y,129
2025-06-27,gT0O7DZsK74,1341
2025-06-27,_vSnFG1VmTU,80
2025-06-27,9WBKqGawaX4,879
2025-06-27,2Hibe5fy9rk,258
2025-06-27,_ZA_TQaIcC4,8233
2025-06-27,U94KW_Mv-uw,8837
2025-06-27,vuDd4G0rS54,727
2025-06-27,WbLy2Wd0adU,241
2025-06-27,GXbKO00A2cs,41460
2025-06-27,Thl-YAxtpcs,1812
2025-06-27,w_V1QgL_7Vg,8440
2025-06-27,viK1UrBdcmo,59597
2025-06-27,p2gtv4PLZbI,837181
2025-06-27,QpaS-ZkluP4,25714
2025-06-27,UKBUmi5ECgQ,40
2025-06-27,AZqvUxKcmsE,4965
2025-06-27,HfbFWR_NkYk,969
2025-06-27,owvj8GojHUo,1078
2025-06-27,NarDmvrmkkc,153176
2025-06-27,WmbhxsZ9S3s,23007
2025-06-27,85hwziN0Ctk,2442873
2025-06-27,UVtmzCtVuJE,2382
2025-06-27,Ve4LuXLvhR0,56
2025-06-27,uokYowdQ1PI,42281
2025-06-27,g95ErHYi994,14466
2025-06-27,knrp9y9I29M,24328
2025-06-27,T71IJ84jTXo,28827
2025-06-27,5xxAhHK3FbU,431713
2025-06-27,dZ76AYx7uQQ,25629
2025-06-27,va8LJASNx6E,276513
2025-06-27,PCAUC4CC6kw,139605
2025-06-27,aLu4oyQ2zdw,363934
2025-06-27,COYCVAw_-AE,459202
2025-06-27,iiz1hNZadC8,128759
2025-06-27,wjWUQ6AgD7w,342224
2025-06-27,WVcSQPRxTyM,48656
2025-06-27,GOFFuJd6tcg,36762
2025-06-27,vP02FIPLPSc,168512
2025-06-27,lV2koqsivjk,41405
2025-06-27,nUUM8Ba7pxE,88217
2025-06-27,G6tbRVtp0g4,32498
2025-06-27,REX0UkyS-fk,3812
2025-06-27,gcO6GiC4nzQ,17
2025-06-27,NfwiaoZVo4c,36750
2025-06-27,tkTlnsS370Y,1031471
2025-06-27,1_jnlZFgK_k,45735
2025-06-27,ImH-UYUzFj0,858604
2025-06-27,SbIjJM0jeIU,108076
2025-06-27,p6cJhCXeJcw,129011
2025-06-27,pxWrYsIlO70,10651
2025-06-27,xEqCawr4KeU,11947161
2025-06-27,L7Rxfy-9MUo,383258
2025-06-27,CaXJ8nDFHlI,999796
2025-06-27,pNO8wVCFa1g,142
2025-06-27,gDAhkKRjhXs,323126
2025-06-27,k_aRqHT57lo,155258
2025-06-27,rvlpeGxA5r0,13417
2025-06-27,jnyn_KvEjqc,189081
2025-06-27,pKmG25gnaBk,201397
2025-06-27,z--KljaTM60,2648
2025-06-27,buyh8AA31Mw,40231
2025-06-27,I3worT7rl3I,0
2025-06-27,pJDfNkmSN0c,81521
2025-06-27,qBHL2_1x5j0,45512
2025-06-27,joxAo8Djiso,11897
2025-06-27,igp3GbZAY5E,46148
2025-06-27,anq6cSUNi_E,28552
2025-06-27,it7BiioBEoc,5
2025-06-27,YANkteH57nU,2052572
2025-06-27,Af6BBZsmt6o,162529
2025-06-27,ZFfPZFTSs08,81239
2025-06-27,2AsKG5JZHGc,16379
2025-06-27,ketQ-YBqdkA,7111
2025-06-27,TfuddrT9aPI,20722
2025-06-27,26G8a-6Gn3k,20161
2025-06-27,TQzchmXJv4U,27222
2025-06-27,aKveKy89sqM,36610
2025-06-27,1cGiESmp-g4,22600
2025-06-27,aoRlZcmWjt4,33215
2025-06-27,ErrF9y9jG5E,1687607
2025-06-27,V3jHJo1Q0fE,118400
2025-06-27,4AgUNYCGbu0,1205990
2025-06-27,waPUjVrCfUc,942770
2025-06-27,NgpY4bfXfeI,174595
2025-06-27,TtgtdD-tfw4,25483
2025-06-27,8ivIP9GfIsc,60297
2025-06-27,3UV0ivnCXxY,7720
2025-06-27,a_8VQ0KYjZo,72357
2025-06-27,bSBlGIIDBHM,20393
2025-06-27,mOlAt6h0-14,724038
2025-06-27,j8hCbX47EMQ,31494
2025-06-27,quPFDh-M670,22184
2025-06-27,rzEBPLNxzyA,20859
2025-06-27,9HfM6fxJE_0,18004
2025-06-27,AadMuXaccjY,199538
2025-06-27,AY6-wlVcBLY,129499
2025-06-27,B4yNqh_QnAU,38978
2025-06-27,LFKQGq71jcs,15503
2025-06-27,mfzAaumB47k,174738
2025-06-27,PU-xKm9njAU,117871
2025-06-27,_UncX6no-5E,90001
2025-06-27,D-qTITkD3e0,0
2025-06-27,-C4qgnLp7rk,819
2025-06-27,gHk95c0Mkak,2426
2025-06-27,FIO0BQz8hOI,1492
2025-06-27,OvObn0954TA,7991
2025-06-27,XYd49j2k17c,2135
2025-06-27,gzBrY3OeShM,97909
2025-06-27,Ulu6NskJnT4,658
2025-06-27,nQbg-qF4hGY,46661
2025-06-27,G6vRMYjXdck,38681
2025-06-27,coe4vxMSdHU,9050
2025-06-27,qYLIsXUN5Bg,148002
2025-06-27,_Byvmj8XDCA,4801
2025-06-27,UcVrUVR4xIU,77126
2025-06-27,JVEqtKbjecw,514558
2025-06-27,5c7qnWYLefE,37121
2025-06-27,R-rs_9TqCkc,127812
2025-06-27,6MWw7iQuGQk,43021
2025-06-27,K_h9L85BV5U,58241
2025-06-27,1EEvCSd95WU,54618
2025-06-27,WpzTvjN_Snk,8656
2025-06-27,1zmkmQXhuIc,217579
2025-06-27,bS9OT-R4cuw,205020
2025-06-27,FyvtvxZy0_8,548398
2025-06-27,XqIyTPJP-E4,38367
2025-06-27,0b99l1bRToM,75408
2025-06-27,1H9Gf821u-M,4456
2025-06-27,tz17J_pYvjo,73479
2025-06-27,y1fXIvXVxpU,40019
2025-06-27,ok0h4tGjIxI,188738
2025-06-27,k4-0BDk1nx8,918827
2025-06-27,MTH2P7o0hfc,135032
2025-06-27,pzuD1FHAUYA,301554
2025-06-27,gkP0aX5LYZ8,4215
2025-06-27,XEyMaREv_mg,31502
2025-06-27,y8F7dGUw2j4,242097
2025-06-27,3M1n2Ouo_RU,260210
2025-06-27,2VBxDR1n3U0,30760
2025-06-27,zLsWsl8lW_s,538658
2025-06-27,Ekg4ZcXKXBA,7013
2025-06-27,paG4F7uarqM,331696
2025-06-27,c8yz0uqgcdY,60320
2025-06-27,XXqrc-dOdtI,48602
2025-06-27,Uwv1pHdVurQ,117055
2025-06-27,VxESOUMzQ2A,5075
2025-06-27,dqpvrFrV4pQ,432
2025-06-27,KyIkwOiefVM,614
2025-06-27,IDkmGcQS4M4,7760
2025-06-27,GUVXaJGT8ik,1093
2025-06-27,WkLOVAwAS28,8310
2025-06-27,SJtpXd75kU0,573893
2025-06-27,AlAhDimar08,315839
2025-06-27,UkvZFogct5E,8395
2025-06-27,-eMPOi0x51M,2524
2025-06-27,mbnjTzqvB9c,1295
2025-06-27,wYLLdu42Xkc,32353
2025-06-27,brjFhdj9olo,5877
2025-06-27,5cWffD4gG1M,1138
2025-06-27,owi4T-uBWmw,14211
2025-06-27,Pa5vmKl_rH8,844
2025-06-27,ZpXbIUTrWQw,6153
2025-06-27,JHgvQyjlXVc,1163
2025-06-27,Hp5jE_Tv9q4,66
2025-06-27,gHJwtQdde9Y,2016
2025-06-27,SrqDMI8XngQ,965485
2025-06-27,6LLHJEUC81g,643
2025-06-27,5h2XUcA_euo,1174
2025-06-27,gkb6-O5jyFI,5468
2025-06-27,5Up8W_sO-is,31137
2025-06-27,D9DpUDntQRc,36982
2025-06-27,ZMUci6vGAc0,211300
2025-06-27,toYBwMT8fKE,0
2025-06-27,DBkP3EkKrno,745
2025-06-27,ZLWAEcw6L2I,1052799
2025-06-27,oZmc0VeHRGM,300
2025-06-27,KHzt-g99Keg,114
2025-06-27,NHzncXFN_yc,4775
2025-06-27,D-Zm_ODHg4M,24582
2025-06-27,-Kyw4882mvw,9315
2025-06-27,UVrSGchstzA,0
2025-06-27,PV6Lr6vDwy0,127220
2025-06-27,ulsk6DIQpAw,997
2025-06-27,xYLHvF7pKvg,9020
2025-06-27,kLOD0H3FyA4,1199
2025-06-27,p21fGXAjoWM,1822
2025-06-27,8yyAh_FlXFU,727
2025-06-27,qltLAfTlj_M,1009
2025-06-27,FTyoHJRGsl0,11983
2025-06-27,Bk9-SFL2Gis,813
2025-06-27,5ATlcSuPu7I,14414
2025-06-27,yZuBjYqXai0,4442
2025-06-27,aFlgeaS5iqg,23143
2025-06-27,w2lA4XKPELE,59792
2025-06-27,5vbpOe3jYDc,535
2025-06-27,TKMR33UyZqo,147
2025-06-27,juWWrSjIH70,1017
2025-06-27,uL9kvf0XYQs,0
2025-06-27,BHs4KlRyXKI,736
2025-06-27,ikgFSLT_m4s,1702
2025-06-27,IuAJ4v1lfww,897
2025-06-27,cOI9aDnqVD8,9857
2025-06-27,qzsGwUg6VMU,712
2025-06-27,a0ZdNXwbn4A,11126
2025-06-27,wIT5PLfBK7w,270
2025-06-27,L2Ff7WUKRAc,2093
2025-06-27,zNM1xd9o6_I,31
2025-06-27,qKGNvgnAQWg,18959
2025-06-27,nnfVaEV_GNI,4
2025-06-27,_8r-SLSj_VY,30305
2025-06-27,vLhalhx8Aeg,1306
2025-06-27,jn7G2p2KeSU,254
2025-06-27,WIfENgUSNTg,7120
2025-06-27,B3JIsqQTWbU,915
2025-06-27,xyFOMCDqM7A,796
2025-06-27,RyA_jW848oc,339
2025-06-27,vJhSWyFovus,0
2025-06-27,ADO-AwylnHA,372
2025-06-27,2BsYgQDDAJo,1455
2025-06-27,4FDgeNA8NXo,325
2025-06-27,rwTfSnwHOFQ,890
2025-06-27,7kEQZzFg78c,1713
2025-06-27,Lg4XTcGNVsE,535
2025-06-27,x8IIkU6NjIU,2722
2025-06-27,O4qO12EvjUI,6913
2025-06-27,zSORKtFNn0Q,116
2025-06-27,cynfQhAe8aE,2608
2025-06-27,EWIun5aIFYg,2355
2025-06-27,okOB2InV70I,31
2025-06-27,R8xvaDd9YJg,651
2025-06-27,NsxSCUjdYlo,16973
2025-06-27,paK8jx_8Rw4,404
2025-06-27,lMBYoXW1VI4,1738
2025-06-27,rg2zymnQEAY,1652
2025-06-27,uJ4Y4T813Xk,0
2025-06-27,KwGN353l9jM,3
2025-06-27,grdbAFPeK5s,18124
2025-06-27,XIAlC4uTGwc,884
2025-06-27,07it8BfsbCQ,11505
2025-06-27,YU6Xo5e0fBQ,21640
2025-06-27,fs-Afy18JwY,15710
2025-06-27,-wHTlpqLAWM,2621
2025-06-27,kY256pyzh8A,24935
2025-06-27,XJIltcG1Z6U,8133
2025-06-27,wPfn3J87ZOE,2665
2025-06-27,UClgFOAdbzA,2213
2025-06-27,nJAikkLnA0E,9689
2025-06-27,MBEsPssh1lQ,6522
2025-06-27,KaQnlUybZTc,41571
2025-06-27,lTaRw_4ZXL0,101
2025-06-27,7ViplAcZOjk,46952
2025-06-27,3aS4Dj81J80,11396
2025-06-27,GhDXy5WvhbM,6940
2025-06-27,SoiKrb1UwSk,3713
2025-06-27,acLFmNgvb98,27967
2025-06-27,goGF_UnbQxY,1753
2025-06-27,drCHmn7F3UU,15445
2025-06-27,0nbEWUKnEP0,4010
2025-06-27,rztIvVYzn_Y,124579
2025-06-27,MSmhBQSMk68,3278
2025-06-27,D-6tUUX00t0,95947
2025-06-27,CFaeGTuCGsA,4052
2025-06-27,_XcixxxxJ-c,811
2025-06-27,5siBFOLT9-Y,18046
2025-06-27,O-WM5UgQPUY,3262
2025-06-27,FyT3PE9fDpk,1521
2025-06-27,l3rb0KxvkEM,8930
2025-06-27,23mjr3upvbw,3520
2025-06-27,yvni4EWPvuM,4858
2025-06-27,0ksnB0n1eVg,2170
2025-06-27,D3qkgAy5dE8,4884
2025-06-27,TNw1gIMgH0Y,5178
2025-06-27,UBQSZ37Zdjw,33700
2025-06-27,1kxyUktGUPA,6228
2025-06-27,LUe_hI_1D5c,1277
2025-06-27,R7nzHHSmNQM,36682
2025-06-27,tdU_y146auE,1453
2025-06-27,fbPPIoM1254,3756
2025-06-27,5hrGpV92y3Y,9810
2025-06-27,c4ZLpkbZIdA,768
2025-06-27,Mt-wQ3cfh9Y,9695
2025-06-27,vgEEFt2oy98,9874
2025-06-27,FC6KgK6Ol2Q,14329
2025-06-27,GrbwuLcHEOY,8661
2025-06-27,A-51Ivj0hhU,1055
2025-06-27,IHOXRbVvjRo,713
2025-06-27,0taB3IPmRjs,16042
2025-06-27,9PLGSRO3664,2558
2025-06-27,xpHk_2o73QU,902146
2025-06-27,UmIxDOveU5c,139807
2025-06-27,ss47oxKeHWM,1139
2025-06-27,R7Hjt2ErF5E,3564
2025-06-27,ZW23OIsxe_g,3720
2025-06-27,trqEykm9uGI,6894
2025-06-27,20ujdVwS7IU,35321
2025-06-27,7qVqsoDkzPA,479853
2025-06-27,zgbCRbmN2ig,165583
2025-06-27,A5Sl0tc9iQ8,62912
2025-06-27,TL0pA9WBZQI,5827
2025-06-27,WHlxMNQrg2M,183788
2025-06-27,cUEYq3-N258,446977
2025-06-27,2HsXPO0delQ,282328
2025-06-27,xBSOqxIBEww,105950
2025-06-27,YoCFuQ-5amw,1715954
2025-06-27,E6p2NYePdGQ,18180
2025-06-27,jVm5rxo1KTY,16878
2025-06-27,CkhoY6_kOUg,43534
2025-06-27,le8w4PJBAjU,123645
2025-06-27,YEyvMPsus8I,16887
2025-06-27,DnolgHHqdIk,342600
2025-06-27,4eg93Oi2z_8,173275
2025-06-27,-OJSdt6N8JI,13992
2025-06-27,7hRQkyiIuos,30181
2025-06-27,YyaAACw2Lxw,278422
2025-06-27,Yrw1JB2nRgg,21337
2025-06-27,VN5dldGH7A8,307204
2025-06-27,HLvWPxuwlWc,160953
2025-06-27,DtG8QNC5DiQ,121052
2025-06-27,4oa4YS-rwMs,247494
2025-06-27,zh_mzSYno08,52507
2025-06-27,wp8AFPfAJS4,63248
2025-06-27,BsgLVeVd8kg,26594
2025-06-27,wya9x0BzvtU,11136
2025-06-27,8aXzNtqrGCY,92058
2025-06-27,JlWW2TYj2Ec,148055
2025-06-27,fxwOcSOIi38,394108
2025-06-27,GFSNncSLMx0,55765
2025-06-27,XmY1qKOrSus,25567
2025-06-27,DCg_FWPMOwk,361376
2025-06-27,iPd1HqUqxv4,11657
2025-06-27,7plTPsD9ixc,30954
2025-06-27,vK6ApRbX_J0,128097
2025-06-27,LZxRe73qlKA,26341
2025-06-27,YOEu9oETGH0,313829
2025-06-27,dcvHwvxHvoM,28
2025-06-27,u7vQlZU1rMo,863
2025-06-27,DUXMQQ2IhGE,490
2025-06-27,d63Q1QBKbxE,671
2025-06-27,c1V5TyUBE1M,20012
2025-06-27,Fuj3NdUw2LU,1718
2025-06-27,4Luvgwb0J4c,1636
2025-06-27,F5eVNtiPo2U,2103
2025-06-27,QbYUQvA-_tM,26477
2025-06-27,ectN00LnowQ,1516
2025-06-27,cBlGo45Eazc,169
2025-06-27,IWM9_3ge7i0,3276
2025-06-27,m060dDyfD4c,3264
2025-06-27,CFvwqDqKz2U,1264
2025-06-27,Mp3uZLHCriw,646
2025-06-27,C3LpCs8D1xo,1622
2025-06-27,SSYoMIzO9fo,204
2025-06-27,raOKDG0ywXs,5937
2025-06-27,Nrll0_5w7U0,3659
2025-06-27,SPkl6MJf8lg,1041
2025-06-27,MxYgQtxeLYc,419
2025-06-27,kio-J7On9BM,1026
2025-06-27,qRenpmIhzHw,3032
2025-06-27,_oPJrzsOZa8,1485
2025-06-27,Q9E29le3UsA,5035
2025-06-27,ECPNJK0aqe0,495
2025-06-27,e-ZSuU3Vkyg,1790
2025-06-27,WJt1NhHrNkE,599
2025-06-27,2pEedegnimk,4506
2025-06-27,XHgdEg9lsgM,1591
2025-06-27,qZsNKglWh30,8015
2025-06-27,5Q7VtnZkI-A,1375
2025-06-27,VxCGmko_zFk,1
2025-06-27,twz_nkYFenk,719
2025-06-27,pezO4U3B6LQ,3784
2025-06-27,7Fz0HyDiPik,3577
2025-06-27,RXXQJNvT3BM,1537
2025-06-27,ScszlkAN-UI,15403
2025-06-27,pi4tpIkJVHo,3263
2025-06-27,6Bc-mTSYJnE,1471
2025-06-27,-78E5cEnv6k,8852
2025-06-27,8jDCEorsLDM,1538
2025-06-27,R3Jsf9O4WVg,32450
2025-06-27,cU3Of2EACC0,556
2025-06-27,31YkvKMvYvQ,25002
2025-06-27,acEtBq2c68w,13951
2025-06-27,elFWSHS_XiI,13950
2025-06-27,eSChlEHHsBU,1248
2025-06-27,YqqEqaR14yU,252
2025-06-27,O1ktCQ-xW9Q,8
2025-06-27,qlrmhS-f5E8,965
2025-06-27,IGPm0wHrWL0,2
2025-06-27,jaSxuKG437g,5
2025-06-27,TVV-nc41JI0,3
2025-06-27,BbENhUELwoo,38
2025-06-27,lIaQtFYXI0Y,2
2025-06-27,TmYH06mm0rI,0
2025-06-27,KlrcLS9Rkkg,6718
2025-06-27,uYpk2ranGGw,2422
2025-06-27,P3ZyNFLbkNE,3089
2025-06-27,fraPgeZrtVI,26
2025-06-27,1WNoUzfUSok,3717
2025-06-27,4K6EQSmcf0s,289
2025-06-27,_AAH1VqppOk,278
2025-06-27,s4u1pv05LLo,1595
2025-06-27,jwlSIrVHjBI,4808
2025-06-27,KYYgBmwq49Q,2054
2025-06-27,8DrUyz2VeM8,25
2025-06-27,Rg0sOGyECfM,76
2025-06-27,WROtwdSVv0s,821
2025-06-27,-KKrCfvPorc,251
2025-06-27,RZkUYhC824g,375
2025-06-27,b1fUm54q_kQ,354
2025-06-27,eS7rmtyMHQY,147
2025-06-27,YiIVLg06JNw,201
2025-06-27,Xf9ZKcTFSVU,1627
2025-06-27,rNg7d08A8Pc,1
2025-06-27,7IF4qNhkenc,1811
2025-06-27,fIuJhFKlEg4,66
2025-06-27,HtKTpKGaJXY,6
2025-06-27,lePXVH7u0D8,279
2025-06-27,NeBQyCqrqFs,2
2025-06-27,vnaV8MAS7JQ,11534
2025-06-27,VwDGNgTo8QY,1
2025-06-27,7xe7IelNXQg,6
2025-06-27,kHSE55OjUsQ,262
2025-06-27,CMKvm0fd670,17221
2025-06-27,AGmVCQ98-vQ,216
2025-06-27,RANp3JNiaIY,42
2025-06-27,hVa5NOq8iAc,8953
2025-06-27,CLjWCGyGLqA,271
2025-06-27,r3TwIU2KLyI,236
2025-06-27,nIx6yiiQENw,2820
2025-06-27,OnzF-8MWBYk,4191
2025-06-27,7CSaeR_BRW0,9
2025-06-27,CG3nUTAFOUI,52
2025-06-27,MXBCfE5wYLY,1238
2025-06-27,BVuVXuurzBU,72811
2025-06-27,aLQzFxQ2X4I,4019
2025-06-27,JS1DXcwxP28,322
2025-06-27,rBwBwGsZzr4,373
2025-06-27,efg_ZweUDA4,5869
2025-06-27,-pbKhg5tH3Y,719
2025-06-27,kdk7DdrDRTc,6749
2025-06-27,3VbvATWa9mg,180
2025-06-27,Zh3CYXsKp_o,149561
2025-06-27,VJVgH_0b5xg,16075
2025-06-27,wKmV8cgKdE0,14698
2025-06-27,Afb46aC72l0,2357
2025-06-27,5xkk0mRj5Mk,35
2025-06-27,lQhyGEKa1Ys,1849
2025-06-27,BgeZmeAs05s,868
2025-06-27,i8IoJN4HLMg,19417
2025-06-27,SVWNJcWuUK8,6695
2025-06-27,UNdoPperUuU,856
2025-06-27,SLvSx0TzD3E,180070
2025-06-27,_vSnFG1VmTU,80
2025-06-27,_ZA_TQaIcC4,8233
2025-06-27,vuDd4G0rS54,727
2025-06-27,WbLy2Wd0adU,241
2025-06-27,w_V1QgL_7Vg,8417
2025-06-27,viK1UrBdcmo,59597
2025-06-27,85hwziN0Ctk,2442873
2025-06-27,UB0jDXSigiE,5031
2025-06-27,-wp5sq2W0ng,1192
2025-06-27,XzdtmGtQSb0,1027140
2025-06-27,64Z7P9qhd78,345
2025-06-27,uokYowdQ1PI,42324
2025-06-27,5tN97PSP70g,1407
2025-06-27,HKI-CcgtXcY,569
2025-06-27,U5Nj_yB3Ruo,1869
2025-06-27,FzVVlS3FG18,132449
2025-06-27,1PIc9mqmoVI,7213
2025-06-27,aM4S-y79aAs,635957
2025-06-27,BR_iP4rNpug,7721
2025-06-27,_buronGyD9k,446
2025-06-27,AZqvUxKcmsE,4965
2025-06-27,HfbFWR_NkYk,969
2025-06-27,owvj8GojHUo,1078
2025-06-27,NarDmvrmkkc,153443
2025-06-27,UVtmzCtVuJE,2382
2025-06-27,Ve4LuXLvhR0,56
2025-06-27,EBY7hLI54zc,5117
2025-06-27,g95ErHYi994,14466
2025-06-27,knrp9y9I29M,24353
2025-06-27,T71IJ84jTXo,28874
2025-06-27,5xxAhHK3FbU,431923
2025-06-27,dZ76AYx7uQQ,25629
2025-06-27,PCAUC4CC6kw,139656
2025-06-27,aLu4oyQ2zdw,364026
2025-06-27,COYCVAw_-AE,459272
2025-06-27,iiz1hNZadC8,128833
2025-06-27,wjWUQ6AgD7w,342224
2025-06-27,WVcSQPRxTyM,48663
2025-06-27,GOFFuJd6tcg,36762
2025-06-27,vP02FIPLPSc,168512
2025-06-27,lV2koqsivjk,41405
2025-06-27,nUUM8Ba7pxE,88217
2025-06-27,G6tbRVtp0g4,32499
2025-06-27,REX0UkyS-fk,3812
2025-06-27,gcO6GiC4nzQ,17
2025-06-27,k-C-EiuE7-M,201
2025-06-27,NfwiaoZVo4c,36750
2025-06-27,m7QpirKKclY,2249606
2025-06-27,tkTlnsS370Y,1031471
2025-06-27,1_jnlZFgK_k,45740
2025-06-27,SbIjJM0jeIU,108107
2025-06-27,8vOSij38K28,123398
2025-06-27,p6cJhCXeJcw,129011
2025-06-27,pxWrYsIlO70,10707
2025-06-27,xEqCawr4KeU,11959392
2025-06-27,L7Rxfy-9MUo,383258
2025-06-27,CaXJ8nDFHlI,1000137
2025-06-27,pNO8wVCFa1g,142
2025-06-27,rvlpeGxA5r0,13432
2025-06-27,jnyn_KvEjqc,189661
2025-06-27,pKmG25gnaBk,202041
2025-06-27,z--KljaTM60,2648
2025-06-27,buyh8AA31Mw,40451
2025-06-27,XLC21zZDI0w,46531
2025-06-27,I3worT7rl3I,0
2025-06-27,pJDfNkmSN0c,81673
2025-06-27,joxAo8Djiso,11930
2025-06-27,anq6cSUNi_E,28561
2025-06-27,it7BiioBEoc,5
2025-06-27,YANkteH57nU,2053744
2025-06-27,Af6BBZsmt6o,162539
2025-06-27,ZFfPZFTSs08,81239
2025-06-27,2AsKG5JZHGc,16419
2025-06-27,ketQ-YBqdkA,7114
2025-06-27,TfuddrT9aPI,20740
2025-06-27,26G8a-6Gn3k,20179
2025-06-27,TQzchmXJv4U,27222
2025-06-27,aKveKy89sqM,36618
2025-06-27,w3k6xRkOZ6I,2546
2025-06-27,1cGiESmp-g4,22610
2025-06-27,aoRlZcmWjt4,33222
2025-06-27,ErrF9y9jG5E,1690050
2025-06-27,V3jHJo1Q0fE,118481
2025-06-27,4AgUNYCGbu0,1206709
2025-06-27,waPUjVrCfUc,944650
2025-06-27,NgpY4bfXfeI,174660
2025-06-27,TtgtdD-tfw4,25473
2025-06-27,8ivIP9GfIsc,60314
2025-06-27,3UV0ivnCXxY,7720
2025-06-27,a_8VQ0KYjZo,72414
2025-06-27,bSBlGIIDBHM,20427
2025-06-27,mOlAt6h0-14,724743
2025-06-27,j8hCbX47EMQ,31502
2025-06-27,quPFDh-M670,22259
2025-06-27,9HfM6fxJE_0,18075
2025-06-27,AadMuXaccjY,199627
2025-06-27,AY6-wlVcBLY,129591
2025-06-27,B4yNqh_QnAU,38978
2025-06-27,LFKQGq71jcs,15506
2025-06-27,mfzAaumB47k,174842
2025-06-27,PU-xKm9njAU,117961
2025-06-27,_UncX6no-5E,90020
2025-06-27,D-qTITkD3e0,0
2025-06-27,CSKQoEj0Q_s,428
2025-06-27,gHk95c0Mkak,2539
2025-06-27,OvObn0954TA,8078
2025-06-27,XYd49j2k17c,2165
2025-06-27,gzBrY3OeShM,98122
2025-06-27,Ulu6NskJnT4,658
2025-06-27,nQbg-qF4hGY,46854
2025-06-27,G6vRMYjXdck,38722
2025-06-27,coe4vxMSdHU,9058
2025-06-27,qBHL2_1x5j0,45655
2025-06-27,_Byvmj8XDCA,4806
2025-06-27,UcVrUVR4xIU,77272
2025-06-27,yKOauDyF-jc,50990
2025-06-27,5c7qnWYLefE,37127
2025-06-27,R-rs_9TqCkc,128202
2025-06-27,6MWw7iQuGQk,43059
2025-06-27,K_h9L85BV5U,58267
2025-06-27,SZG7-TdvDpw,121479
2025-06-27,WpzTvjN_Snk,8678
2025-06-27,1zmkmQXhuIc,217923
2025-06-27,bS9OT-R4cuw,205242
2025-06-27,UTB9hXebRrY,30380
2025-06-27,XqIyTPJP-E4,38397
2025-06-27,H9nIy4Tc_qk,16870
2025-06-27,0b99l1bRToM,75442
2025-06-27,1H9Gf821u-M,4512
2025-06-27,tz17J_pYvjo,73562
2025-06-27,y1fXIvXVxpU,40120
2025-06-27,ok0h4tGjIxI,189025
2025-06-27,rB9GfDXUU5M,53721
2025-06-27,k4-0BDk1nx8,920210
2025-06-27,MTH2P7o0hfc,135101
2025-06-27,gkP0aX5LYZ8,4212
2025-06-27,XEyMaREv_mg,31538
2025-06-27,2VBxDR1n3U0,30760
2025-06-27,zLsWsl8lW_s,539375
2025-06-27,paG4F7uarqM,332704
2025-06-27,XXqrc-dOdtI,48718
2025-06-27,oBNfSezt1hk,187854
2025-06-27,1Mad9QAeKvU,84131
2025-06-27,6U3-fRiqS9o,341246
2025-06-27,B4bX1hdSXic,14717
2025-06-27,tHxcPr4oWes,91005
2025-06-27,-de1l_TC1mI,21985
2025-06-27,VxESOUMzQ2A,5190
2025-06-27,dqpvrFrV4pQ,457
2025-06-27,KyIkwOiefVM,645
2025-06-27,FJurDpMY0Ls,3151
2025-06-27,IDkmGcQS4M4,7783
2025-06-27,Y3FJ263E1so,8278
2025-06-27,GUVXaJGT8ik,1093
2025-06-27,WkLOVAwAS28,8850
2025-06-27,SJtpXd75kU0,574342
2025-06-27,flNdPSLBeBY,2910
2025-06-27,AlAhDimar08,316279
2025-06-27,UkvZFogct5E,8407
2025-06-27,-eMPOi0x51M,2547
2025-06-27,wYLLdu42Xkc,32364
2025-06-27,brjFhdj9olo,5879
2025-06-27,5cWffD4gG1M,1138
2025-06-27,owi4T-uBWmw,14224
2025-06-27,Pa5vmKl_rH8,844
2025-06-27,ZpXbIUTrWQw,6153
2025-06-27,Hp5jE_Tv9q4,66
2025-06-27,gHJwtQdde9Y,2016
2025-06-27,SrqDMI8XngQ,967400
2025-06-27,6LLHJEUC81g,643
2025-06-27,5h2XUcA_euo,1174
2025-06-27,gkb6-O5jyFI,5474
2025-06-27,eOGzuZNpn1U,108
2025-06-27,5Up8W_sO-is,31184
2025-06-27,aM4ID5gvrgw,27940
2025-06-27,ZMUci6vGAc0,211320
2025-06-27,toYBwMT8fKE,0
2025-06-27,DBkP3EkKrno,745
2025-06-27,ZLWAEcw6L2I,1054526
2025-06-27,oZmc0VeHRGM,300
2025-06-27,KHzt-g99Keg,114
2025-06-27,NHzncXFN_yc,4775
2025-06-27,-Kyw4882mvw,9315
2025-06-27,UVrSGchstzA,0
2025-06-27,PV6Lr6vDwy0,127337
2025-06-27,xYLHvF7pKvg,9020
2025-06-27,kLOD0H3FyA4,1201
2025-06-27,p21fGXAjoWM,1822
2025-06-27,8yyAh_FlXFU,727
2025-06-27,qltLAfTlj_M,1009
2025-06-27,5ATlcSuPu7I,14414
2025-06-27,rvY71Zve3N8,37727
2025-06-27,yZuBjYqXai0,4442
2025-06-27,aFlgeaS5iqg,23177
2025-06-27,w2lA4XKPELE,59814
2025-06-27,qQSoEdodXpc,570587
2025-06-27,5vbpOe3jYDc,535
2025-06-27,TKMR33UyZqo,147
2025-06-27,juWWrSjIH70,1078
2025-06-27,uL9kvf0XYQs,0
2025-06-27,BHs4KlRyXKI,825
2025-06-27,ikgFSLT_m4s,1699
2025-06-27,IuAJ4v1lfww,909
2025-06-27,cOI9aDnqVD8,9993
2025-06-27,qzsGwUg6VMU,712
2025-06-27,a0ZdNXwbn4A,11138
2025-06-27,wIT5PLfBK7w,270
2025-06-27,L2Ff7WUKRAc,2093
2025-06-27,zNM1xd9o6_I,31
2025-06-27,qKGNvgnAQWg,18979
2025-06-27,nnfVaEV_GNI,4
2025-06-27,_8r-SLSj_VY,30360
2025-06-27,vLhalhx8Aeg,1320
2025-06-27,jn7G2p2KeSU,254
2025-06-27,WIfENgUSNTg,7120
2025-06-27,B3JIsqQTWbU,915
2025-06-27,xyFOMCDqM7A,804
2025-06-27,RyA_jW848oc,357
2025-06-27,vJhSWyFovus,0
2025-06-27,ADO-AwylnHA,372
2025-06-27,2BsYgQDDAJo,1464
2025-06-27,4FDgeNA8NXo,325
2025-06-27,rwTfSnwHOFQ,894
2025-06-27,7kEQZzFg78c,1713
2025-06-27,Lg4XTcGNVsE,535
2025-06-27,x8IIkU6NjIU,2722
2025-06-27,O4qO12EvjUI,6927
2025-06-27,zSORKtFNn0Q,116
2025-06-27,cynfQhAe8aE,2608
2025-06-27,EWIun5aIFYg,2355
2025-06-27,okOB2InV70I,31
2025-06-27,R8xvaDd9YJg,651
2025-06-27,NsxSCUjdYlo,16981
2025-06-27,paK8jx_8Rw4,404
2025-06-27,lMBYoXW1VI4,1738
2025-06-27,rg2zymnQEAY,1652
2025-06-27,uJ4Y4T813Xk,0
2025-06-27,KwGN353l9jM,3
2025-06-27,grdbAFPeK5s,18133
2025-06-27,XIAlC4uTGwc,884
2025-06-27,07it8BfsbCQ,11505
2025-06-27,YU6Xo5e0fBQ,21640
2025-06-27,fs-Afy18JwY,15803
2025-06-27,-wHTlpqLAWM,2630
2025-06-27,kY256pyzh8A,24935
2025-06-27,XJIltcG1Z6U,8137
2025-06-27,wPfn3J87ZOE,2676
2025-06-27,UClgFOAdbzA,2213
2025-06-27,nJAikkLnA0E,9689
2025-06-27,MBEsPssh1lQ,6594
2025-06-27,KaQnlUybZTc,41571
2025-06-27,lTaRw_4ZXL0,101
2025-06-27,7ViplAcZOjk,47023
2025-06-27,3aS4Dj81J80,11396
2025-06-27,GhDXy5WvhbM,6945
2025-06-27,SoiKrb1UwSk,3731
2025-06-27,acLFmNgvb98,27997
2025-06-27,goGF_UnbQxY,1753
2025-06-27,drCHmn7F3UU,15407
2025-06-27,0nbEWUKnEP0,4010
2025-06-27,rztIvVYzn_Y,124594
2025-06-27,MSmhBQSMk68,3278
2025-06-27,D-6tUUX00t0,95982
2025-06-27,CFaeGTuCGsA,4052
2025-06-27,_XcixxxxJ-c,811
2025-06-27,5siBFOLT9-Y,18046
2025-06-27,O-WM5UgQPUY,3249
2025-06-27,FyT3PE9fDpk,1521
2025-06-27,l3rb0KxvkEM,8938
2025-06-27,23mjr3upvbw,3520
2025-06-27,yvni4EWPvuM,4701
2025-06-27,0ksnB0n1eVg,2170
2025-06-27,D3qkgAy5dE8,4889
2025-06-27,TNw1gIMgH0Y,5178
2025-06-27,UBQSZ37Zdjw,33700
2025-06-27,1kxyUktGUPA,6228
2025-06-27,LUe_hI_1D5c,1277
2025-06-27,R7nzHHSmNQM,36682
2025-06-27,tdU_y146auE,1453
2025-06-27,fbPPIoM1254,3756
2025-06-27,5hrGpV92y3Y,9810
2025-06-27,c4ZLpkbZIdA,768
2025-06-27,Mt-wQ3cfh9Y,9695
2025-06-27,vgEEFt2oy98,9874
2025-06-27,FC6KgK6Ol2Q,14289
2025-06-27,GrbwuLcHEOY,8663
2025-06-27,A-51Ivj0hhU,1055
2025-06-27,IHOXRbVvjRo,713
2025-06-27,1kKi1tFc9Xs,21683
2025-06-27,9PLGSRO3664,2558
2025-06-27,xpHk_2o73QU,903351
2025-06-27,g2dvDHWBgtQ,0
2025-06-27,ss47oxKeHWM,1173
2025-06-27,R7Hjt2ErF5E,3610
2025-06-27,ZW23OIsxe_g,3898
2025-06-27,20ujdVwS7IU,35524
2025-06-27,7qVqsoDkzPA,485002
2025-06-27,zgbCRbmN2ig,165620
2025-06-27,A5Sl0tc9iQ8,62994
2025-06-27,hmvegOBvf-8,2787
2025-06-27,TL0pA9WBZQI,5845
2025-06-27,WHlxMNQrg2M,183788
2025-06-27,cUEYq3-N258,452194
2025-06-27,iH0DwW4P6G8,883264
2025-06-27,2HsXPO0delQ,282609
2025-06-27,pg2sZgg6iQk,114214
2025-06-27,xBSOqxIBEww,106761
2025-06-27,aWeCMcGsH8A,119969
2025-06-27,YoCFuQ-5amw,1726746
2025-06-27,E6p2NYePdGQ,19282
2025-06-27,jVm5rxo1KTY,16918
2025-06-27,kfj3oWD6nW4,56165
2025-06-27,CkhoY6_kOUg,43626
2025-06-27,YEyvMPsus8I,17344
2025-06-27,DnolgHHqdIk,342773
2025-06-27,4eg93Oi2z_8,173624
2025-06-27,-OJSdt6N8JI,14027
2025-06-27,YyaAACw2Lxw,278546
2025-06-27,Yrw1JB2nRgg,21354
2025-06-27,VN5dldGH7A8,311868
2025-06-27,8-7nun1ZApQ,594676
2025-06-27,DtG8QNC5DiQ,121375
2025-06-27,4oa4YS-rwMs,247955
2025-06-27,zh_mzSYno08,52590
2025-06-27,A9v4XB_Z-kY,34999
2025-06-27,wp8AFPfAJS4,63424
2025-06-27,BsgLVeVd8kg,26598
2025-06-27,wya9x0BzvtU,11194
2025-06-27,8aXzNtqrGCY,92071
2025-06-27,fxwOcSOIi38,394237
2025-06-27,GFSNncSLMx0,55765
2025-06-27,XmY1qKOrSus,25579
2025-06-27,DCg_FWPMOwk,361567
2025-06-27,PVQF1UyN_oA,4216383
2025-06-27,iPd1HqUqxv4,11657
2025-06-27,7plTPsD9ixc,31028
2025-06-27,dcvHwvxHvoM,28
2025-06-27,ysSETg4nFTM,417
2025-06-27,u7vQlZU1rMo,888
2025-06-27,DUXMQQ2IhGE,493
2025-06-27,d63Q1QBKbxE,692
2025-06-27,c1V5TyUBE1M,20014
2025-06-27,Fuj3NdUw2LU,1718
2025-06-27,4Luvgwb0J4c,1636
2025-06-27,F5eVNtiPo2U,2103
2025-06-27,QbYUQvA-_tM,26500
2025-06-27,ectN00LnowQ,1516
2025-06-27,cBlGo45Eazc,171
2025-06-27,IWM9_3ge7i0,3293
2025-06-27,m060dDyfD4c,3271
2025-06-27,CFvwqDqKz2U,1264
2025-06-27,Mp3uZLHCriw,646
2025-06-27,SSYoMIzO9fo,204
2025-06-27,raOKDG0ywXs,5950
2025-06-27,Nrll0_5w7U0,3667
2025-06-27,SPkl6MJf8lg,1041
2025-06-27,MxYgQtxeLYc,419
2025-06-27,kio-J7On9BM,1026
2025-06-27,qRenpmIhzHw,3035
2025-06-27,_oPJrzsOZa8,1485
2025-06-27,Q9E29le3UsA,5035
2025-06-27,ECPNJK0aqe0,495
2025-06-27,e-ZSuU3Vkyg,1790
2025-06-27,WJt1NhHrNkE,605
2025-06-27,2pEedegnimk,4517
2025-06-27,XHgdEg9lsgM,1591
2025-06-27,qZsNKglWh30,8033
2025-06-27,5Q7VtnZkI-A,1375
2025-06-27,VxCGmko_zFk,1
2025-06-27,pezO4U3B6LQ,3791
2025-06-27,7Fz0HyDiPik,3577
2025-06-27,RXXQJNvT3BM,1537
2025-06-27,ScszlkAN-UI,15415
2025-06-27,pi4tpIkJVHo,3268
2025-06-27,6Bc-mTSYJnE,1471
2025-06-27,-78E5cEnv6k,8853
2025-06-27,8jDCEorsLDM,1541
2025-06-27,R3Jsf9O4WVg,32476
2025-06-27,cU3Of2EACC0,556
2025-06-27,31YkvKMvYvQ,25006
2025-06-27,acEtBq2c68w,13973
2025-06-27,elFWSHS_XiI,13958
2025-06-27,R9tKGPXTSUI,3890
2025-06-27,eSChlEHHsBU,1253
2025-06-27,YqqEqaR14yU,252
2025-06-27,O1ktCQ-xW9Q,8
2025-06-27,qlrmhS-f5E8,965
2025-06-27,IGPm0wHrWL0,2
2025-06-27,jaSxuKG437g,5
2025-06-27,TVV-nc41JI0,3
2025-06-27,BbENhUELwoo,37
2025-06-27,lIaQtFYXI0Y,2
2025-06-27,TmYH06mm0rI,0
2025-06-27,uYpk2ranGGw,2422
2025-06-27,P3ZyNFLbkNE,3113
2025-06-27,fraPgeZrtVI,26
2025-06-27,1WNoUzfUSok,3730
2025-06-27,4K6EQSmcf0s,289
2025-06-27,_AAH1VqppOk,278
2025-06-27,s4u1pv05LLo,1595
2025-06-27,jwlSIrVHjBI,4828
2025-06-27,8DrUyz2VeM8,25
2025-06-27,Rg0sOGyECfM,76
2025-06-27,WROtwdSVv0s,822
2025-06-27,-KKrCfvPorc,251
2025-06-27,RZkUYhC824g,375
2025-06-27,b1fUm54q_kQ,354
2025-06-27,eS7rmtyMHQY,147
2025-06-27,YiIVLg06JNw,201
2025-06-27,Xf9ZKcTFSVU,1628
2025-06-27,rNg7d08A8Pc,1
2025-06-27,7IF4qNhkenc,1813
2025-06-27,WBU_0I6ZoKs,367
2025-06-27,HtKTpKGaJXY,6
2025-06-27,lePXVH7u0D8,279
2025-06-27,NeBQyCqrqFs,2
2025-06-27,vnaV8MAS7JQ,11538
2025-06-27,VwDGNgTo8QY,1
2025-06-27,HSRvSIqIZWk,53606
2025-06-27,kHSE55OjUsQ,262
2025-06-27,CMKvm0fd670,17230
2025-06-27,AGmVCQ98-vQ,216
2025-06-27,RANp3JNiaIY,42
2025-06-27,hVa5NOq8iAc,8953
2025-06-27,CLjWCGyGLqA,271
2025-06-27,r3TwIU2KLyI,236
2025-06-27,nIx6yiiQENw,2820
2025-06-27,7CSaeR_BRW0,9
2025-06-27,CG3nUTAFOUI,52
2025-06-27,MXBCfE5wYLY,1238
2025-06-27,BVuVXuurzBU,73027
2025-06-27,aLQzFxQ2X4I,4019
2025-06-27,JS1DXcwxP28,322
2025-06-27,rBwBwGsZzr4,373
2025-06-27,efg_ZweUDA4,5498
2025-06-27,-pbKhg5tH3Y,719
2025-06-27,kdk7DdrDRTc,6808
2025-06-27,3VbvATWa9mg,180
2025-06-27,Zh3CYXsKp_o,152077
2025-06-27,iSZOktZZANc,383
2025-06-27,VJVgH_0b5xg,16076
2025-06-27,wKmV8cgKdE0,14787
2025-06-27,Afb46aC72l0,2357
2025-06-27,5xkk0mRj5Mk,35
2025-06-27,lQhyGEKa1Ys,1849
2025-06-27,BgeZmeAs05s,868
2025-06-27,i8IoJN4HLMg,19417
2025-06-27,SVWNJcWuUK8,6700
2025-06-27,UNdoPperUuU,856
2025-06-27,SLvSx0TzD3E,180186
2025-06-27,_vSnFG1VmTU,80
2025-06-27,_ZA_TQaIcC4,8233
2025-06-27,vuDd4G0rS54,727
2025-06-27,WbLy2Wd0adU,241
2025-06-27,w_V1QgL_7Vg,8417
2025-06-27,viK1UrBdcmo,59654
2025-06-27,85hwziN0Ctk,2444585
2025-06-27,-wp5sq2W0ng,1192
2025-06-27,D5aJqbMSPQ0,320491
2025-06-27,XzdtmGtQSb0,1027707
2025-06-27,64Z7P9qhd78,345
2025-06-27,uokYowdQ1PI,42342
2025-06-27,5tN97PSP70g,1407
2025-06-27,HKI-CcgtXcY,569
2025-06-27,U5Nj_yB3Ruo,1869
2025-06-27,FzVVlS3FG18,132499
2025-06-27,1PIc9mqmoVI,7213
2025-06-27,aM4S-y79aAs,636577
2025-06-27,BR_iP4rNpug,7737
2025-06-27,_buronGyD9k,446
2025-06-27,AZqvUxKcmsE,4981
2025-06-27,HfbFWR_NkYk,991
2025-06-27,owvj8GojHUo,1078
2025-06-27,NarDmvrmkkc,153668
2025-06-27,UVtmzCtVuJE,2384
2025-06-27,EBY7hLI54zc,5117
2025-06-27,g95ErHYi994,14468
2025-06-27,knrp9y9I29M,24418
2025-06-27,5xxAhHK3FbU,432408
2025-06-27,dZ76AYx7uQQ,25699
2025-06-27,PCAUC4CC6kw,139732
2025-06-27,aLu4oyQ2zdw,364219
2025-06-27,COYCVAw_-AE,459386
2025-06-27,iiz1hNZadC8,128969
2025-06-27,wjWUQ6AgD7w,342478
2025-06-27,WVcSQPRxTyM,48672
2025-06-27,GOFFuJd6tcg,36874
2025-06-27,vP02FIPLPSc,168527
2025-06-27,lV2koqsivjk,41414
2025-06-27,nUUM8Ba7pxE,88262
2025-06-27,G6tbRVtp0g4,32501
2025-06-27,REX0UkyS-fk,3812
2025-06-27,gcO6GiC4nzQ,17
2025-06-27,k-C-EiuE7-M,201
2025-06-27,m7QpirKKclY,2242927
2025-06-27,tkTlnsS370Y,1032644
2025-06-27,1_jnlZFgK_k,45745
2025-06-27,SbIjJM0jeIU,108135
2025-06-27,pxWrYsIlO70,10707
2025-06-27,xEqCawr4KeU,11978247
2025-06-27,L7Rxfy-9MUo,384824
2025-06-27,CaXJ8nDFHlI,1000330
2025-06-27,pNO8wVCFa1g,142
2025-06-27,gDAhkKRjhXs,323232
2025-06-27,k_aRqHT57lo,155398
2025-06-27,fDAHaMPwDcA,537274
2025-06-27,rvlpeGxA5r0,13753
2025-06-27,jnyn_KvEjqc,205278
2025-06-27,joxAo8Djiso,12898
2025-06-27,anq6cSUNi_E,28944
2025-06-27,vInoYctou9k,11325
2025-06-27,M4sG1aM271M,283989
2025-06-27,8N3aqGfEFW0,116908
2025-06-27,hvZ4hHtMdo0,16445
2025-06-27,E_R_O--sK_M,330665
2025-06-27,wuyS8e-_9wY,170379
2025-06-27,-PuMsC9RJx0,45523
2025-06-27,oAIvTDheNuI,126351
2025-06-27,1MwpjstKRcw,403237
2025-06-27,fQEumUoYtyA,141418
2025-06-27,Qce8501Lhw4,24504
2025-06-27,DfPcu6w-sy4,396468
2025-06-27,HTwQSYfIAM4,137520
2025-06-27,zMz2wG4BYpo,45872
2025-06-27,9j6N4nMiGRQ,335646
2025-06-27,nfYXlOqBuig,149486
2025-06-27,lssHsJZEuAY,223371
2025-06-27,Ibq6CyIlnh4,727291
2025-06-27,QesG505MsH0,24734
2025-06-27,hY359iE59Bg,499757
2025-06-27,6ORCZiVcGvk,2780908
2025-06-27,xfCyE2sOgzs,107440
2025-06-27,X7c0hAnFL_w,475563
2025-06-27,jHQjTTiboHA,23797
2025-06-27,4LBTuhwmVU8,103979
2025-06-27,ztQw2Hv_qfQ,38031
2025-06-27,O3-UufRFn3Q,131847
2025-06-27,4B39eI8HQPg,108836
2025-06-27,AaF9ObmNvdM,46393
2025-06-27,vkSKgnZ-Jxk,64488
2025-06-27,gaFLYlE-2VU,105963
2025-06-27,BVIeQ92ax5g,55670
2025-06-27,wiJ8YMJO3GY,743376
2025-06-27,MvDR41ufyNw,76883
2025-06-27,irh16HIJm94,47506
2025-06-27,pVmJsWumi7c,34841
2025-06-27,8watqeCiI4A,322760
2025-06-27,hKa9EzZnYZU,37878
2025-06-27,JOC8oxQ_cNE,229902
2025-06-27,_EGtj4qysGA,23660
2025-06-27,1F-blQWfk_U,131600
2025-06-27,dbA4-6Wzqks,50149
2025-06-27,qqmJi5c_164,72677
2025-06-27,70p67PWb23I,196019
2025-06-27,LHtJBAdNPQA,40590
2025-06-27,U9RRksEFhpg,385071
2025-06-27,TtnMrg3D4Xg,13080
2025-06-27,Qny9igsDmhA,21567
2025-06-27,gzBrY3OeShM,107265
2025-06-27,G6vRMYjXdck,40644
2025-06-27,coe4vxMSdHU,9219
2025-06-27,_Byvmj8XDCA,4906
2025-06-27,5c7qnWYLefE,37323
2025-06-27,R-rs_9TqCkc,137968
2025-06-27,1EEvCSd95WU,55764
2025-06-27,0b99l1bRToM,76370
2025-06-27,Ekg4ZcXKXBA,7033
2025-06-27,-de1l_TC1mI,22180
2025-06-27,hNSKUpcfic8,184014
2025-06-27,BcvtesPojkQ,137286
2025-06-27,4QPz8y5n2Mo,67331
2025-06-27,qNftVmthvLs,27055
2025-06-27,dHdWc6r042M,832847
2025-06-27,BVCL8RBWrtk,99119
2025-06-27,jqlVr20W1RI,273991
2025-06-27,dR8wLpTFp5k,32298
2025-06-27,PDiaN4c_sFI,339026
2025-06-27,8BSaSpUXTso,33413
2025-06-27,gZBxOlytKkg,89396
2025-06-27,vk0StKRkAtA,88303
2025-06-27,oy71WOTLNnA,97712
2025-06-27,eR9LLDepiRg,194378
2025-06-27,jHall59fYDw,323159
2025-06-27,j5zfWQ-fLZw,470327
2025-06-27,W6KHhQQkaqw,18791
2025-06-27,6mQ3CkS0UOI,212467
2025-06-27,hdEaoMBj43o,21174
2025-06-27,uBblo3Rq5_w,191391
2025-06-27,Aa6G5DVe8kQ,111302
2025-06-27,h8W_TRtvTN0,123447
2025-06-27,m7vA6m8uHOU,155989
2025-06-27,eYcXtZs9Qos,49474
2025-06-27,wTrWDFdqGkw,278037
2025-06-27,gMgCaQe9Auw,197130
2025-06-27,wuCNHGWtHKA,68540
2025-06-27,5TKYqOQ_1ak,22116
2025-06-27,2dCAC3tNznU,57835
2025-06-27,nV6KEKYSF_I,215535
2025-06-27,Ug1xKr6g1dQ,16094
2025-06-27,nBOPtZNG52M,109890
2025-06-27,L0cNPtRnBC4,25413
2025-06-27,ezgqBWgRWhs,138648
2025-06-27,j0eBXr2MT7U,152098
2025-06-27,_0Cm7zAZXH0,127217
2025-06-27,VnQq_EfA0Vk,137796
2025-06-27,-cVNOUxlgDE,124460
2025-06-27,8MysQV9m7Cw,32614
2025-06-27,DRap2GFnnRc,201591
2025-06-27,OUvzEbZhMMw,60735
2025-06-27,bj88KFB-Jcs,18943
2025-06-27,zR3zJQsVxQU,274103
2025-06-27,cQbA-I-CACs,62180
2025-06-27,uNruesKQdfQ,61408
2025-06-27,JDeHwyaPRv0,14967
2025-06-27,VWFcIKNYXHY,149455
2025-06-27,E1TpbTGP6Ns,14669
2025-06-27,vGkTPIJbAbo,851260
2025-06-27,Ud_QSeHn3tQ,138986
2025-06-27,N7B7Zs1HHBY,233842
2025-06-27,QSDlYALDRpc,10487
2025-06-27,E3U56GFtRhE,100357
2025-06-27,8hgoYEUZEU0,52731
2025-06-27,GHw27MXl7lM,79761
2025-06-27,uk3BAL0z3d0,71383
2025-06-27,pKqA2MpB26w,378920
2025-06-27,PhObiWdtzlQ,58982
2025-06-27,TQ2YTXib18I,20876
2025-06-27,w_EmxzX8kL4,218997
2025-06-27,TDfL8t_uXHc,18080
2025-06-27,Y6kgBilHeqE,161608
2025-06-27,mISYFlpnZms,163461
2025-06-27,O9o0yah_uqk,76676
2025-06-27,X6vLvpTKbP8,153541
2025-06-27,6vrhOj6JWYg,124021
2025-06-27,jC4z0Ajf0hI,742700
2025-06-27,Kvl2IYJWRVk,294368
2025-06-27,TcVbVcRW7bk,153313
2025-06-27,t1BxvXibnPM,179514
2025-06-27,cTzhRizxzJ4,242822
2025-06-27,3kTd122Lhmo,67400
2025-06-27,IaHaiDUdlGM,69809
2025-06-27,cmn5BAO8KNc,8494
2025-06-27,LWQMLrkrNN4,188105
2025-06-27,206C5489wGo,46822
2025-06-27,ug-YaYgaNtM,70398
2025-06-27,KxHJ2kCSHyY,14314
2025-06-27,reoV-TZEvqg,1819734
2025-06-27,hVDMoo_RsgU,148286
2025-06-27,f2RtzXE5oxk,48540
2025-06-27,cnIBGb3TCNY,421689
2025-06-27,e_gUyhZmbHY,64214
2025-06-27,Ipje1ArvmwY,94545
2025-06-27,zx6EVcEQQYk,130161
2025-06-27,gs3h8EfMX24,57920
2025-06-27,HoVwls6xZg8,189685
2025-06-27,YANBbK3-VSc,156328
2025-06-27,0Ki3JJHbyDc,28714
2025-06-27,AnyXaXmXGiQ,503630
2025-06-27,E_sbqOMvoA0,166590
2025-06-27,Rx9x_JMxr5w,39825
2025-06-27,wmOMQsJF9NI,193211
2025-06-27,X64vNyBUl7M,456212
2025-06-27,VeiBPqWXrGE,276705
2025-06-27,UTonATSl38k,146576
2025-06-27,sW52z6gkoAU,68972
2025-06-27,43O5ewqMn1U,330477
2025-06-27,A0q39lxb4-0,181431
2025-06-27,3FmnS8s0ucw,53124
2025-06-27,Zwdd0D9Bhuk,25528
2025-06-27,eC38NH05gKk,230484
2025-06-27,v7_Wa8ltVkc,286836
2025-06-27,UNnLU8hC0wM,43195
2025-06-27,dsl6kQYMt0M,5468916
2025-06-27,YJEGIDWcEN8,12906
2025-06-27,uIA3yqF5oRw,3557
2025-06-27,i8IoJN4HLMg,19417
2025-06-27,SLvSx0TzD3E,187223
2025-06-27,_ZA_TQaIcC4,8375
2025-06-27,JdgjWWNgDPU,1820
2025-06-27,UXL92eFJh_k,106999
2025-06-27,RlIYHtkqJq4,35036
2025-06-27,p5VNXx9ByVg,605299
2025-06-27,HcBzLnQuf3U,22792
2025-06-27,_8HDnFEXg9A,2856016
2025-06-27,t6AwzkFS6hk,199254
2025-06-27,eYn9LzdEXNk,594456
2025-06-27,y9ccu7Pz-IY,176487
2025-06-27,MxI9P-Uqs8M,144346
2025-06-27,vL19WbWOxag,3224529
2025-06-27,KnnH0DjtNLY,342626
2025-06-27,yRTbeMvMeS4,21866
2025-06-27,UZLWC3byhKc,59760
2025-06-27,vAe0tgrzpLM,7386
2025-06-27,W9EVPwKxJwM,16317
2025-06-27,uNQli55zaLk,18618
2025-06-27,JehG9PVloV8,80556
2025-06-27,6ZWFBky6nOY,884299
2025-06-27,Lt25ESL0rIQ,287901
2025-06-27,OO3fiUNOtXk,7469
2025-06-27,pCSu3ydTlfU,43373
2025-06-27,jgbSognqR10,20294
2025-06-27,y3c1qLyTgQ4,10074
2025-06-27,PB-u8jDzhFM,13422
2025-06-27,Z3bh7H96AEM,277358
2025-06-27,uhY2fqU_1yA,804390
2025-06-27,q8vf0Rzy_KY,779542
2025-06-27,JGzDiLBWMTU,2473549
2025-06-27,M_3X3ZB8khU,82292
2025-06-27,Rft0G_U0plM,108970
2025-06-27,7EQssstEdps,132090
2025-06-27,pVMuOnhupB4,28164
2025-06-27,-WVNXzKb4a4,260160
2025-06-27,8aNpJ3ELTIE,517849
2025-06-27,iSgswUq0Qcg,867458
2025-06-27,TYmC-XB1w-E,358575
2025-06-27,HOADb_H4buk,1330485
2025-06-27,RfGfPMFl19w,604046
2025-06-27,BDBKKvAmylw,61767
2025-06-27,IMs6G0o2XcI,603770
2025-06-27,mLNp5Q4jssk,7791
2025-06-27,EMDe7w9cLOE,17757
2025-06-27,TMxL08swzz0,655833
2025-06-27,E4CAb7zmXgA,1429148
2025-06-27,m8ZohprZu2k,817846
2025-06-27,grWRQ0cONXA,1744265
2025-06-27,OlWFWWMPOQY,437629
2025-06-27,PmDCUTuSP2Q,3641535
2025-06-27,Sn9PlMpW1dQ,348029
2025-06-27,Y8pblCkTbTk,776481
2025-06-27,r5S1T93jtAk,3050369
2025-06-27,Ug0isWpubjk,1088664
2025-06-27,Orb0vFbHr0g,196707
2025-06-27,CfRlR_YFNmA,674439
2025-06-27,H0X045VuIp0,249542
2025-06-27,Zye3UHq7hPs,1389272
2025-06-27,REX0UkyS-fk,3848
2025-06-27,pxWrYsIlO70,10748
2025-06-27,pNO8wVCFa1g,143
2025-06-27,W_uURhN3xjg,18347
2025-06-27,EcrrGSIufDU,206890
